group_id,group_size,has_exact_pair,cross_label_group,splits_in_group,classes_in_group,split,class,image_id,path
dup_0001,3,False,True,train;val;test,bacterial_leaf_streak;brown_spot,train,brown_spot,103482.jpg,datasets/paddy-disease-classification/train_images/brown_spot/103482.jpg
dup_0001,3,False,True,train;val;test,bacterial_leaf_streak;brown_spot,val,bacterial_leaf_streak,106492.jpg,datasets/paddy-disease-classification/train_images/bacterial_leaf_streak/106492.jpg
dup_0001,3,False,True,train;val;test,bacterial_leaf_streak;brown_spot,test,bacterial_leaf_streak,104419.jpg,datasets/paddy-disease-classification/train_images/bacterial_leaf_streak/104419.jpg
dup_0002,10,False,False,train;val;test,bacterial_leaf_streak,train,bacterial_leaf_streak,101631.jpg,datasets/paddy-disease-classification/train_images/bacterial_leaf_streak/101631.jpg
dup_0002,10,False,False,train;val;test,bacterial_leaf_streak,train,bacterial_leaf_streak,107305.jpg,datasets/paddy-disease-classification/train_images/bacterial_leaf_streak/107305.jpg
dup_0002,10,False,False,train;val;test,bacterial_leaf_streak,train,bacterial_leaf_streak,108253.jpg,datasets/paddy-disease-classification/train_images/bacterial_leaf_streak/108253.jpg
dup_0002,10,False,False,train;val;test,bacterial_leaf_streak,train,bacterial_leaf_streak,107084.jpg,datasets/paddy-disease-classification/train_images/bacterial_leaf_streak/107084.jpg
dup_0002,10,False,False,train;val;test,bacterial_leaf_streak,train,bacterial_leaf_streak,100200.jpg,datasets/paddy-disease-classification/train_images/bacterial_leaf_streak/100200.jpg
dup_0002,10,False,False,train;val;test,bacterial_leaf_streak,val,bacterial_leaf_streak,100923.jpg,datasets/paddy-disease-classification/train_images/bacterial_leaf_streak/100923.jpg
dup_0002,10,False,False,train;val;test,bacterial_leaf_streak,val,bacterial_leaf_streak,100764.jpg,datasets/paddy-disease-classification/train_images/bacterial_leaf_streak/100764.jpg
dup_0002,10,False,False,train;val;test,bacterial_leaf_streak,test,bacterial_leaf_streak,109268.jpg,datasets/paddy-disease-classification/train_images/bacterial_leaf_streak/109268.jpg
dup_0002,10,False,False,train;val;test,bacterial_leaf_streak,test,bacterial_leaf_streak,105457.jpg,datasets/paddy-disease-classification/train_images/bacterial_leaf_streak/105457.jpg
dup_0002,10,False,False,train;val;test,bacterial_leaf_streak,test,bacterial_leaf_streak,105684.jpg,datasets/paddy-disease-classification/train_images/bacterial_leaf_streak/105684.jpg
dup_0003,2,False,False,train;val,dead_heart,train,dead_heart,102221.jpg,datasets/paddy-disease-classification/train_images/dead_heart/102221.jpg
dup_0003,2,False,False,train;val,dead_heart,val,dead_heart,100859.jpg,datasets/paddy-disease-classification/train_images/dead_heart/100859.jpg
dup_0004,11,False,True,train;val;test,bacterial_leaf_streak;downy_mildew,train,downy_mildew,103933.jpg,datasets/paddy-disease-classification/train_images/downy_mildew/103933.jpg
dup_0004,11,False,True,train;val;test,bacterial_leaf_streak;downy_mildew,train,bacterial_leaf_streak,105403.jpg,datasets/paddy-disease-classification/train_images/bacterial_leaf_streak/105403.jpg
dup_0004,11,False,True,train;val;test,bacterial_leaf_streak;downy_mildew,train,downy_mildew,101205.jpg,datasets/paddy-disease-classification/train_images/downy_mildew/101205.jpg
dup_0004,11,False,True,train;val;test,bacterial_leaf_streak;downy_mildew,train,downy_mildew,105863.jpg,datasets/paddy-disease-classification/train_images/downy_mildew/105863.jpg
dup_0004,11,False,True,train;val;test,bacterial_leaf_streak;downy_mildew,train,downy_mildew,106120.jpg,datasets/paddy-disease-classification/train_images/downy_mildew/106120.jpg
dup_0004,11,False,True,train;val;test,bacterial_leaf_streak;downy_mildew,train,downy_mildew,104207.jpg,datasets/paddy-disease-classification/train_images/downy_mildew/104207.jpg
dup_0004,11,False,True,train;val;test,bacterial_leaf_streak;downy_mildew,train,downy_mildew,106784.jpg,datasets/paddy-disease-classification/train_images/downy_mildew/106784.jpg
dup_0004,11,False,True,train;val;test,bacterial_leaf_streak;downy_mildew,val,downy_mildew,105400.jpg,datasets/paddy-disease-classification/train_images/downy_mildew/105400.jpg
dup_0004,11,False,True,train;val;test,bacterial_leaf_streak;downy_mildew,val,downy_mildew,100655.jpg,datasets/paddy-disease-classification/train_images/downy_mildew/100655.jpg
dup_0004,11,False,True,train;val;test,bacterial_leaf_streak;downy_mildew,val,downy_mildew,107563.jpg,datasets/paddy-disease-classification/train_images/downy_mildew/107563.jpg
dup_0004,11,False,True,train;val;test,bacterial_leaf_streak;downy_mildew,test,downy_mildew,109388.jpg,datasets/paddy-disease-classification/train_images/downy_mildew/109388.jpg
dup_0005,2,False,False,train;val,hispa,train,hispa,100182.jpg,datasets/paddy-disease-classification/train_images/hispa/100182.jpg
dup_0005,2,False,False,train;val,hispa,val,hispa,100497.jpg,datasets/paddy-disease-classification/train_images/hispa/100497.jpg
dup_0006,2,True,False,train;val,dead_heart,train,dead_heart,101021.jpg,datasets/paddy-disease-classification/train_images/dead_heart/101021.jpg
dup_0006,2,True,False,train;val,dead_heart,val,dead_heart,103245.jpg,datasets/paddy-disease-classification/train_images/dead_heart/103245.jpg
dup_0007,5,False,False,train;test,downy_mildew,train,downy_mildew,102501.jpg,datasets/paddy-disease-classification/train_images/downy_mildew/102501.jpg
dup_0007,5,False,False,train;test,downy_mildew,train,downy_mildew,109914.jpg,datasets/paddy-disease-classification/train_images/downy_mildew/109914.jpg
dup_0007,5,False,False,train;test,downy_mildew,train,downy_mildew,108873.jpg,datasets/paddy-disease-classification/train_images/downy_mildew/108873.jpg
dup_0007,5,False,False,train;test,downy_mildew,train,downy_mildew,110073.jpg,datasets/paddy-disease-classification/train_images/downy_mildew/110073.jpg
dup_0007,5,False,False,train;test,downy_mildew,test,downy_mildew,105406.jpg,datasets/paddy-disease-classification/train_images/downy_mildew/105406.jpg
dup_0008,3,False,False,train;val,downy_mildew,train,downy_mildew,108402.jpg,datasets/paddy-disease-classification/train_images/downy_mildew/108402.jpg
dup_0008,3,False,False,train;val,downy_mildew,val,downy_mildew,106571.jpg,datasets/paddy-disease-classification/train_images/downy_mildew/106571.jpg
dup_0008,3,False,False,train;val,downy_mildew,val,downy_mildew,100323.jpg,datasets/paddy-disease-classification/train_images/downy_mildew/100323.jpg
dup_0009,6,False,False,train;test,hispa,train,hispa,104592.jpg,datasets/paddy-disease-classification/train_images/hispa/104592.jpg
dup_0009,6,False,False,train;test,hispa,train,hispa,100478.jpg,datasets/paddy-disease-classification/train_images/hispa/100478.jpg
dup_0009,6,False,False,train;test,hispa,test,hispa,102031.jpg,datasets/paddy-disease-classification/train_images/hispa/102031.jpg
dup_0009,6,False,False,train;test,hispa,test,hispa,105605.jpg,datasets/paddy-disease-classification/train_images/hispa/105605.jpg
dup_0009,6,False,False,train;test,hispa,test,hispa,104132.jpg,datasets/paddy-disease-classification/train_images/hispa/104132.jpg
dup_0009,6,False,False,train;test,hispa,test,hispa,104454.jpg,datasets/paddy-disease-classification/train_images/hispa/104454.jpg
dup_0010,2,False,False,train;val,normal,train,normal,107458.jpg,datasets/paddy-disease-classification/train_images/normal/107458.jpg
dup_0010,2,False,False,train;val,normal,val,normal,104644.jpg,datasets/paddy-disease-classification/train_images/normal/104644.jpg
dup_0011,2,False,False,train;val,blast,train,blast,107717.jpg,datasets/paddy-disease-classification/train_images/blast/107717.jpg
dup_0011,2,False,False,train;val,blast,val,blast,106271.jpg,datasets/paddy-disease-classification/train_images/blast/106271.jpg
dup_0012,4,False,False,train;val,blast,train,blast,108044.jpg,datasets/paddy-disease-classification/train_images/blast/108044.jpg
dup_0012,4,False,False,train;val,blast,train,blast,109725.jpg,datasets/paddy-disease-classification/train_images/blast/109725.jpg
dup_0012,4,False,False,train;val,blast,train,blast,106608.jpg,datasets/paddy-disease-classification/train_images/blast/106608.jpg
dup_0012,4,False,False,train;val,blast,val,blast,104618.jpg,datasets/paddy-disease-classification/train_images/blast/104618.jpg
dup_0013,5,False,False,train;val;test,brown_spot,train,brown_spot,110141.jpg,datasets/paddy-disease-classification/train_images/brown_spot/110141.jpg
dup_0013,5,False,False,train;val;test,brown_spot,train,brown_spot,100099.jpg,datasets/paddy-disease-classification/train_images/brown_spot/100099.jpg
dup_0013,5,False,False,train;val;test,brown_spot,train,brown_spot,104257.jpg,datasets/paddy-disease-classification/train_images/brown_spot/104257.jpg
dup_0013,5,False,False,train;val;test,brown_spot,val,brown_spot,107520.jpg,datasets/paddy-disease-classification/train_images/brown_spot/107520.jpg
dup_0013,5,False,False,train;val;test,brown_spot,test,brown_spot,109569.jpg,datasets/paddy-disease-classification/train_images/brown_spot/109569.jpg
dup_0014,2,False,False,train;test,brown_spot,train,brown_spot,100518.jpg,datasets/paddy-disease-classification/train_images/brown_spot/100518.jpg
dup_0014,2,False,False,train;test,brown_spot,test,brown_spot,106952.jpg,datasets/paddy-disease-classification/train_images/brown_spot/106952.jpg
dup_0015,4,False,False,train;val,downy_mildew,train,downy_mildew,105511.jpg,datasets/paddy-disease-classification/train_images/downy_mildew/105511.jpg
dup_0015,4,False,False,train;val,downy_mildew,train,downy_mildew,102686.jpg,datasets/paddy-disease-classification/train_images/downy_mildew/102686.jpg
dup_0015,4,False,False,train;val,downy_mildew,train,downy_mildew,109894.jpg,datasets/paddy-disease-classification/train_images/downy_mildew/109894.jpg
dup_0015,4,False,False,train;val,downy_mildew,val,downy_mildew,107055.jpg,datasets/paddy-disease-classification/train_images/downy_mildew/107055.jpg
dup_0016,2,False,False,train;test,hispa,train,hispa,102614.jpg,datasets/paddy-disease-classification/train_images/hispa/102614.jpg
dup_0016,2,False,False,train;test,hispa,test,hispa,103678.jpg,datasets/paddy-disease-classification/train_images/hispa/103678.jpg
dup_0017,2,True,False,train;val,brown_spot,train,brown_spot,107005.jpg,datasets/paddy-disease-classification/train_images/brown_spot/107005.jpg
dup_0017,2,True,False,train;val,brown_spot,val,brown_spot,106596.jpg,datasets/paddy-disease-classification/train_images/brown_spot/106596.jpg
dup_0018,4,False,False,train;test,dead_heart,train,dead_heart,106925.jpg,datasets/paddy-disease-classification/train_images/dead_heart/106925.jpg
dup_0018,4,False,False,train;test,dead_heart,train,dead_heart,108054.jpg,datasets/paddy-disease-classification/train_images/dead_heart/108054.jpg
dup_0018,4,False,False,train;test,dead_heart,test,dead_heart,108326.jpg,datasets/paddy-disease-classification/train_images/dead_heart/108326.jpg
dup_0018,4,False,False,train;test,dead_heart,test,dead_heart,104425.jpg,datasets/paddy-disease-classification/train_images/dead_heart/104425.jpg
dup_0019,2,False,False,train;test,normal,train,normal,108857.jpg,datasets/paddy-disease-classification/train_images/normal/108857.jpg
dup_0019,2,False,False,train;test,normal,test,normal,103318.jpg,datasets/paddy-disease-classification/train_images/normal/103318.jpg
dup_0020,2,False,False,train;val,blast,train,blast,110172.jpg,datasets/paddy-disease-classification/train_images/blast/110172.jpg
dup_0020,2,False,False,train;val,blast,val,blast,106069.jpg,datasets/paddy-disease-classification/train_images/blast/106069.jpg
dup_0021,2,False,False,train;test,blast,train,blast,104720.jpg,datasets/paddy-disease-classification/train_images/blast/104720.jpg
dup_0021,2,False,False,train;test,blast,test,blast,105936.jpg,datasets/paddy-disease-classification/train_images/blast/105936.jpg
dup_0022,8,False,False,train;val;test,hispa,train,hispa,104599.jpg,datasets/paddy-disease-classification/train_images/hispa/104599.jpg
dup_0022,8,False,False,train;val;test,hispa,train,hispa,103641.jpg,datasets/paddy-disease-classification/train_images/hispa/103641.jpg
dup_0022,8,False,False,train;val;test,hispa,train,hispa,107944.jpg,datasets/paddy-disease-classification/train_images/hispa/107944.jpg
dup_0022,8,False,False,train;val;test,hispa,train,hispa,110192.jpg,datasets/paddy-disease-classification/train_images/hispa/110192.jpg
dup_0022,8,False,False,train;val;test,hispa,val,hispa,109394.jpg,datasets/paddy-disease-classification/train_images/hispa/109394.jpg
dup_0022,8,False,False,train;val;test,hispa,val,hispa,101654.jpg,datasets/paddy-disease-classification/train_images/hispa/101654.jpg
dup_0022,8,False,False,train;val;test,hispa,val,hispa,103939.jpg,datasets/paddy-disease-classification/train_images/hispa/103939.jpg
dup_0022,8,False,False,train;val;test,hispa,test,hispa,102085.jpg,datasets/paddy-disease-classification/train_images/hispa/102085.jpg
dup_0023,2,False,False,train;val,hispa,train,hispa,109074.jpg,datasets/paddy-disease-classification/train_images/hispa/109074.jpg
dup_0023,2,False,False,train;val,hispa,val,hispa,107633.jpg,datasets/paddy-disease-classification/train_images/hispa/107633.jpg
dup_0024,6,False,False,train;val,tungro,train,tungro,105928.jpg,datasets/paddy-disease-classification/train_images/tungro/105928.jpg
dup_0024,6,False,False,train;val,tungro,train,tungro,107073.jpg,datasets/paddy-disease-classification/train_images/tungro/107073.jpg
dup_0024,6,False,False,train;val,tungro,train,tungro,102019.jpg,datasets/paddy-disease-classification/train_images/tungro/102019.jpg
dup_0024,6,False,False,train;val,tungro,train,tungro,104936.jpg,datasets/paddy-disease-classification/train_images/tungro/104936.jpg
dup_0024,6,False,False,train;val,tungro,train,tungro,109692.jpg,datasets/paddy-disease-classification/train_images/tungro/109692.jpg
dup_0024,6,False,False,train;val,tungro,val,tungro,102770.jpg,datasets/paddy-disease-classification/train_images/tungro/102770.jpg
dup_0025,4,False,False,train;val,tungro,train,tungro,109279.jpg,datasets/paddy-disease-classification/train_images/tungro/109279.jpg
dup_0025,4,False,False,train;val,tungro,train,tungro,103841.jpg,datasets/paddy-disease-classification/train_images/tungro/103841.jpg
dup_0025,4,False,False,train;val,tungro,val,tungro,106764.jpg,datasets/paddy-disease-classification/train_images/tungro/106764.jpg
dup_0025,4,False,False,train;val,tungro,val,tungro,110084.jpg,datasets/paddy-disease-classification/train_images/tungro/110084.jpg
dup_0026,2,False,False,train;val,bacterial_leaf_blight,train,bacterial_leaf_blight,108765.jpg,datasets/paddy-disease-classification/train_images/bacterial_leaf_blight/108765.jpg
dup_0026,2,False,False,train;val,bacterial_leaf_blight,val,bacterial_leaf_blight,100445.jpg,datasets/paddy-disease-classification/train_images/bacterial_leaf_blight/100445.jpg
dup_0027,2,False,False,train;val,bacterial_leaf_streak,train,bacterial_leaf_streak,102325.jpg,datasets/paddy-disease-classification/train_images/bacterial_leaf_streak/102325.jpg
dup_0027,2,False,False,train;val,bacterial_leaf_streak,val,bacterial_leaf_streak,104415.jpg,datasets/paddy-disease-classification/train_images/bacterial_leaf_streak/104415.jpg
dup_0028,2,False,False,train;val,bacterial_leaf_streak,train,bacterial_leaf_streak,107051.jpg,datasets/paddy-disease-classification/train_images/bacterial_leaf_streak/107051.jpg
dup_0028,2,False,False,train;val,bacterial_leaf_streak,val,bacterial_leaf_streak,106378.jpg,datasets/paddy-disease-classification/train_images/bacterial_leaf_streak/106378.jpg
dup_0029,6,False,False,train;test,hispa,train,hispa,101152.jpg,datasets/paddy-disease-classification/train_images/hispa/101152.jpg
dup_0029,6,False,False,train;test,hispa,train,hispa,105943.jpg,datasets/paddy-disease-classification/train_images/hispa/105943.jpg
dup_0029,6,False,False,train;test,hispa,train,hispa,103241.jpg,datasets/paddy-disease-classification/train_images/hispa/103241.jpg
dup_0029,6,False,False,train;test,hispa,train,hispa,101395.jpg,datasets/paddy-disease-classification/train_images/hispa/101395.jpg
dup_0029,6,False,False,train;test,hispa,train,hispa,110071.jpg,datasets/paddy-disease-classification/train_images/hispa/110071.jpg
dup_0029,6,False,False,train;test,hispa,test,hispa,104823.jpg,datasets/paddy-disease-classification/train_images/hispa/104823.jpg
dup_0030,4,False,False,train;val;test,hispa,train,hispa,104713.jpg,datasets/paddy-disease-classification/train_images/hispa/104713.jpg
dup_0030,4,False,False,train;val;test,hispa,train,hispa,108124.jpg,datasets/paddy-disease-classification/train_images/hispa/108124.jpg
dup_0030,4,False,False,train;val;test,hispa,val,hispa,106162.jpg,datasets/paddy-disease-classification/train_images/hispa/106162.jpg
dup_0030,4,False,False,train;val;test,hispa,test,hispa,108435.jpg,datasets/paddy-disease-classification/train_images/hispa/108435.jpg
dup_0031,4,False,False,train;test,bacterial_leaf_streak,train,bacterial_leaf_streak,103634.jpg,datasets/paddy-disease-classification/train_images/bacterial_leaf_streak/103634.jpg
dup_0031,4,False,False,train;test,bacterial_leaf_streak,train,bacterial_leaf_streak,104582.jpg,datasets/paddy-disease-classification/train_images/bacterial_leaf_streak/104582.jpg
dup_0031,4,False,False,train;test,bacterial_leaf_streak,test,bacterial_leaf_streak,103273.jpg,datasets/paddy-disease-classification/train_images/bacterial_leaf_streak/103273.jpg
dup_0031,4,False,False,train;test,bacterial_leaf_streak,test,bacterial_leaf_streak,100235.jpg,datasets/paddy-disease-classification/train_images/bacterial_leaf_streak/100235.jpg
dup_0032,6,False,True,train;test,bacterial_leaf_streak;brown_spot,train,brown_spot,103601.jpg,datasets/paddy-disease-classification/train_images/brown_spot/103601.jpg
dup_0032,6,False,True,train;test,bacterial_leaf_streak;brown_spot,train,bacterial_leaf_streak,109678.jpg,datasets/paddy-disease-classification/train_images/bacterial_leaf_streak/109678.jpg
dup_0032,6,False,True,train;test,bacterial_leaf_streak;brown_spot,train,bacterial_leaf_streak,108022.jpg,datasets/paddy-disease-classification/train_images/bacterial_leaf_streak/108022.jpg
dup_0032,6,False,True,train;test,bacterial_leaf_streak;brown_spot,train,brown_spot,110091.jpg,datasets/paddy-disease-classification/train_images/brown_spot/110091.jpg
dup_0032,6,False,True,train;test,bacterial_leaf_streak;brown_spot,test,bacterial_leaf_streak,103981.jpg,datasets/paddy-disease-classification/train_images/bacterial_leaf_streak/103981.jpg
dup_0032,6,False,True,train;test,bacterial_leaf_streak;brown_spot,test,bacterial_leaf_streak,100960.jpg,datasets/paddy-disease-classification/train_images/bacterial_leaf_streak/100960.jpg
dup_0033,3,False,False,train;test,brown_spot,train,brown_spot,103687.jpg,datasets/paddy-disease-classification/train_images/brown_spot/103687.jpg
dup_0033,3,False,False,train;test,brown_spot,train,brown_spot,106627.jpg,datasets/paddy-disease-classification/train_images/brown_spot/106627.jpg
dup_0033,3,False,False,train;test,brown_spot,test,brown_spot,100736.jpg,datasets/paddy-disease-classification/train_images/brown_spot/100736.jpg
dup_0034,10,False,False,train;val;test,bacterial_leaf_streak,train,bacterial_leaf_streak,102545.jpg,datasets/paddy-disease-classification/train_images/bacterial_leaf_streak/102545.jpg
dup_0034,10,False,False,train;val;test,bacterial_leaf_streak,train,bacterial_leaf_streak,107150.jpg,datasets/paddy-disease-classification/train_images/bacterial_leaf_streak/107150.jpg
dup_0034,10,False,False,train;val;test,bacterial_leaf_streak,train,bacterial_leaf_streak,101151.jpg,datasets/paddy-disease-classification/train_images/bacterial_leaf_streak/101151.jpg
dup_0034,10,False,False,train;val;test,bacterial_leaf_streak,train,bacterial_leaf_streak,107666.jpg,datasets/paddy-disease-classification/train_images/bacterial_leaf_streak/107666.jpg
dup_0034,10,False,False,train;val;test,bacterial_leaf_streak,train,bacterial_leaf_streak,107912.jpg,datasets/paddy-disease-classification/train_images/bacterial_leaf_streak/107912.jpg
dup_0034,10,False,False,train;val;test,bacterial_leaf_streak,val,bacterial_leaf_streak,109916.jpg,datasets/paddy-disease-classification/train_images/bacterial_leaf_streak/109916.jpg
dup_0034,10,False,False,train;val;test,bacterial_leaf_streak,val,bacterial_leaf_streak,107350.jpg,datasets/paddy-disease-classification/train_images/bacterial_leaf_streak/107350.jpg
dup_0034,10,False,False,train;val;test,bacterial_leaf_streak,test,bacterial_leaf_streak,105309.jpg,datasets/paddy-disease-classification/train_images/bacterial_leaf_streak/105309.jpg
dup_0034,10,False,False,train;val;test,bacterial_leaf_streak,test,bacterial_leaf_streak,100105.jpg,datasets/paddy-disease-classification/train_images/bacterial_leaf_streak/100105.jpg
dup_0034,10,False,False,train;val;test,bacterial_leaf_streak,test,bacterial_leaf_streak,104620.jpg,datasets/paddy-disease-classification/train_images/bacterial_leaf_streak/104620.jpg
dup_0035,2,False,False,train;val,bacterial_leaf_streak,train,bacterial_leaf_streak,103671.jpg,datasets/paddy-disease-classification/train_images/bacterial_leaf_streak/103671.jpg
dup_0035,2,False,False,train;val,bacterial_leaf_streak,val,bacterial_leaf_streak,105635.jpg,datasets/paddy-disease-classification/train_images/bacterial_leaf_streak/105635.jpg
dup_0036,2,False,False,train;test,normal,train,normal,100777.jpg,datasets/paddy-disease-classification/train_images/normal/100777.jpg
dup_0036,2,False,False,train;test,normal,test,normal,106522.jpg,datasets/paddy-disease-classification/train_images/normal/106522.jpg
dup_0037,2,False,False,train;test,blast,train,blast,100719.jpg,datasets/paddy-disease-classification/train_images/blast/100719.jpg
dup_0037,2,False,False,train;test,blast,test,blast,105418.jpg,datasets/paddy-disease-classification/train_images/blast/105418.jpg
dup_0038,4,False,False,train;val,hispa,train,hispa,109018.jpg,datasets/paddy-disease-classification/train_images/hispa/109018.jpg
dup_0038,4,False,False,train;val,hispa,train,hispa,102282.jpg,datasets/paddy-disease-classification/train_images/hispa/102282.jpg
dup_0038,4,False,False,train;val,hispa,train,hispa,106726.jpg,datasets/paddy-disease-classification/train_images/hispa/106726.jpg
dup_0038,4,False,False,train;val,hispa,val,hispa,100621.jpg,datasets/paddy-disease-classification/train_images/hispa/100621.jpg
dup_0039,3,False,False,train;val,dead_heart,train,dead_heart,103963.jpg,datasets/paddy-disease-classification/train_images/dead_heart/103963.jpg
dup_0039,3,False,False,train;val,dead_heart,train,dead_heart,100698.jpg,datasets/paddy-disease-classification/train_images/dead_heart/100698.jpg
dup_0039,3,False,False,train;val,dead_heart,val,dead_heart,103851.jpg,datasets/paddy-disease-classification/train_images/dead_heart/103851.jpg
dup_0040,2,False,False,train;val,tungro,train,tungro,109389.jpg,datasets/paddy-disease-classification/train_images/tungro/109389.jpg
dup_0040,2,False,False,train;val,tungro,val,tungro,102269.jpg,datasets/paddy-disease-classification/train_images/tungro/102269.jpg
dup_0041,4,False,False,train;val;test,hispa,train,hispa,103297.jpg,datasets/paddy-disease-classification/train_images/hispa/103297.jpg
dup_0041,4,False,False,train;val;test,hispa,val,hispa,100878.jpg,datasets/paddy-disease-classification/train_images/hispa/100878.jpg
dup_0041,4,False,False,train;val;test,hispa,val,hispa,100139.jpg,datasets/paddy-disease-classification/train_images/hispa/100139.jpg
dup_0041,4,False,False,train;val;test,hispa,test,hispa,102033.jpg,datasets/paddy-disease-classification/train_images/hispa/102033.jpg
dup_0042,2,False,False,train;test,hispa,train,hispa,101921.jpg,datasets/paddy-disease-classification/train_images/hispa/101921.jpg
dup_0042,2,False,False,train;test,hispa,test,hispa,105839.jpg,datasets/paddy-disease-classification/train_images/hispa/105839.jpg
dup_0043,3,False,False,train;val,hispa,train,hispa,107078.jpg,datasets/paddy-disease-classification/train_images/hispa/107078.jpg
dup_0043,3,False,False,train;val,hispa,train,hispa,104143.jpg,datasets/paddy-disease-classification/train_images/hispa/104143.jpg
dup_0043,3,False,False,train;val,hispa,val,hispa,108122.jpg,datasets/paddy-disease-classification/train_images/hispa/108122.jpg
dup_0044,3,False,False,train;val,blast,train,blast,105204.jpg,datasets/paddy-disease-classification/train_images/blast/105204.jpg
dup_0044,3,False,False,train;val,blast,train,blast,106820.jpg,datasets/paddy-disease-classification/train_images/blast/106820.jpg
dup_0044,3,False,False,train;val,blast,val,blast,100756.jpg,datasets/paddy-disease-classification/train_images/blast/100756.jpg
dup_0045,2,False,False,train;val,bacterial_leaf_streak,train,bacterial_leaf_streak,105152.jpg,datasets/paddy-disease-classification/train_images/bacterial_leaf_streak/105152.jpg
dup_0045,2,False,False,train;val,bacterial_leaf_streak,val,bacterial_leaf_streak,108946.jpg,datasets/paddy-disease-classification/train_images/bacterial_leaf_streak/108946.jpg
dup_0046,2,False,False,train;val,blast,train,blast,102685.jpg,datasets/paddy-disease-classification/train_images/blast/102685.jpg
dup_0046,2,False,False,train;val,blast,val,blast,100080.jpg,datasets/paddy-disease-classification/train_images/blast/100080.jpg
dup_0047,2,False,False,train;val,hispa,train,hispa,101836.jpg,datasets/paddy-disease-classification/train_images/hispa/101836.jpg
dup_0047,2,False,False,train;val,hispa,val,hispa,102262.jpg,datasets/paddy-disease-classification/train_images/hispa/102262.jpg
dup_0048,2,False,False,train;test,normal,train,normal,100930.jpg,datasets/paddy-disease-classification/train_images/normal/100930.jpg
dup_0048,2,False,False,train;test,normal,test,normal,102700.jpg,datasets/paddy-disease-classification/train_images/normal/102700.jpg
dup_0049,9,False,True,train;val,blast;downy_mildew,train,blast,103504.jpg,datasets/paddy-disease-classification/train_images/blast/103504.jpg
dup_0049,9,False,True,train;val,blast;downy_mildew,train,downy_mildew,105439.jpg,datasets/paddy-disease-classification/train_images/downy_mildew/105439.jpg
dup_0049,9,False,True,train;val,blast;downy_mildew,train,blast,100484.jpg,datasets/paddy-disease-classification/train_images/blast/100484.jpg
dup_0049,9,False,True,train;val,blast;downy_mildew,train,blast,108449.jpg,datasets/paddy-disease-classification/train_images/blast/108449.jpg
dup_0049,9,False,True,train;val,blast;downy_mildew,train,blast,104352.jpg,datasets/paddy-disease-classification/train_images/blast/104352.jpg
dup_0049,9,False,True,train;val,blast;downy_mildew,train,blast,105721.jpg,datasets/paddy-disease-classification/train_images/blast/105721.jpg
dup_0049,9,False,True,train;val,blast;downy_mildew,train,blast,105171.jpg,datasets/paddy-disease-classification/train_images/blast/105171.jpg
dup_0049,9,False,True,train;val,blast;downy_mildew,val,downy_mildew,102803.jpg,datasets/paddy-disease-classification/train_images/downy_mildew/102803.jpg
dup_0049,9,False,True,train;val,blast;downy_mildew,val,downy_mildew,102283.jpg,datasets/paddy-disease-classification/train_images/downy_mildew/102283.jpg
dup_0050,6,True,False,train;test,bacterial_leaf_blight,train,bacterial_leaf_blight,101995.jpg,datasets/paddy-disease-classification/train_images/bacterial_leaf_blight/101995.jpg
dup_0050,6,True,False,train;test,bacterial_leaf_blight,train,bacterial_leaf_blight,102038.jpg,datasets/paddy-disease-classification/train_images/bacterial_leaf_blight/102038.jpg
dup_0050,6,True,False,train;test,bacterial_leaf_blight,train,bacterial_leaf_blight,100998.jpg,datasets/paddy-disease-classification/train_images/bacterial_leaf_blight/100998.jpg
dup_0050,6,True,False,train;test,bacterial_leaf_blight,train,bacterial_leaf_blight,108125.jpg,datasets/paddy-disease-classification/train_images/bacterial_leaf_blight/108125.jpg
dup_0050,6,True,False,train;test,bacterial_leaf_blight,train,bacterial_leaf_blight,106005.jpg,datasets/paddy-disease-classification/train_images/bacterial_leaf_blight/106005.jpg
dup_0050,6,True,False,train;test,bacterial_leaf_blight,test,bacterial_leaf_blight,106984.jpg,datasets/paddy-disease-classification/train_images/bacterial_leaf_blight/106984.jpg
dup_0051,3,False,False,train;val,hispa,train,hispa,108880.jpg,datasets/paddy-disease-classification/train_images/hispa/108880.jpg
dup_0051,3,False,False,train;val,hispa,train,hispa,107375.jpg,datasets/paddy-disease-classification/train_images/hispa/107375.jpg
dup_0051,3,False,False,train;val,hispa,val,hispa,104822.jpg,datasets/paddy-disease-classification/train_images/hispa/104822.jpg
dup_0052,2,True,False,train;val,dead_heart,train,dead_heart,100206.jpg,datasets/paddy-disease-classification/train_images/dead_heart/100206.jpg
dup_0052,2,True,False,train;val,dead_heart,val,dead_heart,103299.jpg,datasets/paddy-disease-classification/train_images/dead_heart/103299.jpg
dup_0053,2,False,False,train;test,normal,train,normal,102270.jpg,datasets/paddy-disease-classification/train_images/normal/102270.jpg
dup_0053,2,False,False,train;test,normal,test,normal,100539.jpg,datasets/paddy-disease-classification/train_images/normal/100539.jpg
dup_0054,3,True,False,train;val,normal,train,normal,107379.jpg,datasets/paddy-disease-classification/train_images/normal/107379.jpg
dup_0054,3,True,False,train;val,normal,val,normal,105470.jpg,datasets/paddy-disease-classification/train_images/normal/105470.jpg
dup_0054,3,True,False,train;val,normal,val,normal,101331.jpg,datasets/paddy-disease-classification/train_images/normal/101331.jpg
dup_0055,2,False,False,train;val,hispa,train,hispa,100969.jpg,datasets/paddy-disease-classification/train_images/hispa/100969.jpg
dup_0055,2,False,False,train;val,hispa,val,hispa,103464.jpg,datasets/paddy-disease-classification/train_images/hispa/103464.jpg
dup_0056,4,False,False,train;val;test,tungro,train,tungro,108328.jpg,datasets/paddy-disease-classification/train_images/tungro/108328.jpg
dup_0056,4,False,False,train;val;test,tungro,train,tungro,100374.jpg,datasets/paddy-disease-classification/train_images/tungro/100374.jpg
dup_0056,4,False,False,train;val;test,tungro,val,tungro,109806.jpg,datasets/paddy-disease-classification/train_images/tungro/109806.jpg
dup_0056,4,False,False,train;val;test,tungro,test,tungro,100016.jpg,datasets/paddy-disease-classification/train_images/tungro/100016.jpg
dup_0057,4,False,False,train;val;test,normal,train,normal,107053.jpg,datasets/paddy-disease-classification/train_images/normal/107053.jpg
dup_0057,4,False,False,train;val;test,normal,train,normal,109659.jpg,datasets/paddy-disease-classification/train_images/normal/109659.jpg
dup_0057,4,False,False,train;val;test,normal,val,normal,104897.jpg,datasets/paddy-disease-classification/train_images/normal/104897.jpg
dup_0057,4,False,False,train;val;test,normal,test,normal,102642.jpg,datasets/paddy-disease-classification/train_images/normal/102642.jpg
dup_0058,12,False,True,train;val;test,hispa;normal,train,normal,108050.jpg,datasets/paddy-disease-classification/train_images/normal/108050.jpg
dup_0058,12,False,True,train;val;test,hispa;normal,train,hispa,109981.jpg,datasets/paddy-disease-classification/train_images/hispa/109981.jpg
dup_0058,12,False,True,train;val;test,hispa;normal,train,hispa,108979.jpg,datasets/paddy-disease-classification/train_images/hispa/108979.jpg
dup_0058,12,False,True,train;val;test,hispa;normal,train,hispa,100437.jpg,datasets/paddy-disease-classification/train_images/hispa/100437.jpg
dup_0058,12,False,True,train;val;test,hispa;normal,train,normal,108065.jpg,datasets/paddy-disease-classification/train_images/normal/108065.jpg
dup_0058,12,False,True,train;val;test,hispa;normal,train,hispa,106546.jpg,datasets/paddy-disease-classification/train_images/hispa/106546.jpg
dup_0058,12,False,True,train;val;test,hispa;normal,train,hispa,102493.jpg,datasets/paddy-disease-classification/train_images/hispa/102493.jpg
dup_0058,12,False,True,train;val;test,hispa;normal,val,hispa,101253.jpg,datasets/paddy-disease-classification/train_images/hispa/101253.jpg
dup_0058,12,False,True,train;val;test,hispa;normal,test,hispa,102899.jpg,datasets/paddy-disease-classification/train_images/hispa/102899.jpg
dup_0058,12,False,True,train;val;test,hispa;normal,test,hispa,110316.jpg,datasets/paddy-disease-classification/train_images/hispa/110316.jpg
dup_0058,12,False,True,train;val;test,hispa;normal,test,hispa,110399.jpg,datasets/paddy-disease-classification/train_images/hispa/110399.jpg
dup_0058,12,False,True,train;val;test,hispa;normal,test,hispa,100775.jpg,datasets/paddy-disease-classification/train_images/hispa/100775.jpg
dup_0059,2,False,False,train;test,brown_spot,train,brown_spot,106090.jpg,datasets/paddy-disease-classification/train_images/brown_spot/106090.jpg
dup_0059,2,False,False,train;test,brown_spot,test,brown_spot,102961.jpg,datasets/paddy-disease-classification/train_images/brown_spot/102961.jpg
dup_0060,3,False,False,train;val,hispa,train,hispa,105339.jpg,datasets/paddy-disease-classification/train_images/hispa/105339.jpg
dup_0060,3,False,False,train;val,hispa,train,hispa,102448.jpg,datasets/paddy-disease-classification/train_images/hispa/102448.jpg
dup_0060,3,False,False,train;val,hispa,val,hispa,103954.jpg,datasets/paddy-disease-classification/train_images/hispa/103954.jpg
dup_0061,2,False,False,train;test,normal,train,normal,104142.jpg,datasets/paddy-disease-classification/train_images/normal/104142.jpg
dup_0061,2,False,False,train;test,normal,test,normal,104749.jpg,datasets/paddy-disease-classification/train_images/normal/104749.jpg
dup_0062,5,False,False,train;val,blast,train,blast,100903.jpg,datasets/paddy-disease-classification/train_images/blast/100903.jpg
dup_0062,5,False,False,train;val,blast,train,blast,105541.jpg,datasets/paddy-disease-classification/train_images/blast/105541.jpg
dup_0062,5,False,False,train;val,blast,train,blast,103772.jpg,datasets/paddy-disease-classification/train_images/blast/103772.jpg
dup_0062,5,False,False,train;val,blast,val,blast,102450.jpg,datasets/paddy-disease-classification/train_images/blast/102450.jpg
dup_0062,5,False,False,train;val,blast,val,blast,110023.jpg,datasets/paddy-disease-classification/train_images/blast/110023.jpg
dup_0063,2,True,False,train;test,brown_spot,train,brown_spot,105649.jpg,datasets/paddy-disease-classification/train_images/brown_spot/105649.jpg
dup_0063,2,True,False,train;test,brown_spot,test,brown_spot,105916.jpg,datasets/paddy-disease-classification/train_images/brown_spot/105916.jpg
dup_0064,3,False,False,train;val,brown_spot,train,brown_spot,105763.jpg,datasets/paddy-disease-classification/train_images/brown_spot/105763.jpg
dup_0064,3,False,False,train;val,brown_spot,val,brown_spot,105551.jpg,datasets/paddy-disease-classification/train_images/brown_spot/105551.jpg
dup_0064,3,False,False,train;val,brown_spot,val,brown_spot,109323.jpg,datasets/paddy-disease-classification/train_images/brown_spot/109323.jpg
dup_0065,15,False,False,train;val;test,blast,train,blast,100310.jpg,datasets/paddy-disease-classification/train_images/blast/100310.jpg
dup_0065,15,False,False,train;val;test,blast,train,blast,109909.jpg,datasets/paddy-disease-classification/train_images/blast/109909.jpg
dup_0065,15,False,False,train;val;test,blast,train,blast,109083.jpg,datasets/paddy-disease-classification/train_images/blast/109083.jpg
dup_0065,15,False,False,train;val;test,blast,train,blast,105045.jpg,datasets/paddy-disease-classification/train_images/blast/105045.jpg
dup_0065,15,False,False,train;val;test,blast,train,blast,101756.jpg,datasets/paddy-disease-classification/train_images/blast/101756.jpg
dup_0065,15,False,False,train;val;test,blast,train,blast,110019.jpg,datasets/paddy-disease-classification/train_images/blast/110019.jpg
dup_0065,15,False,False,train;val;test,blast,train,blast,109359.jpg,datasets/paddy-disease-classification/train_images/blast/109359.jpg
dup_0065,15,False,False,train;val;test,blast,train,blast,102011.jpg,datasets/paddy-disease-classification/train_images/blast/102011.jpg
dup_0065,15,False,False,train;val;test,blast,val,blast,102699.jpg,datasets/paddy-disease-classification/train_images/blast/102699.jpg
dup_0065,15,False,False,train;val;test,blast,val,blast,109078.jpg,datasets/paddy-disease-classification/train_images/blast/109078.jpg
dup_0065,15,False,False,train;val;test,blast,val,blast,101993.jpg,datasets/paddy-disease-classification/train_images/blast/101993.jpg
dup_0065,15,False,False,train;val;test,blast,test,blast,103764.jpg,datasets/paddy-disease-classification/train_images/blast/103764.jpg
dup_0065,15,False,False,train;val;test,blast,test,blast,101777.jpg,datasets/paddy-disease-classification/train_images/blast/101777.jpg
dup_0065,15,False,False,train;val;test,blast,test,blast,110186.jpg,datasets/paddy-disease-classification/train_images/blast/110186.jpg
dup_0065,15,False,False,train;val;test,blast,test,blast,102813.jpg,datasets/paddy-disease-classification/train_images/blast/102813.jpg
dup_0066,2,False,False,train;test,downy_mildew,train,downy_mildew,105876.jpg,datasets/paddy-disease-classification/train_images/downy_mildew/105876.jpg
dup_0066,2,False,False,train;test,downy_mildew,test,downy_mildew,102762.jpg,datasets/paddy-disease-classification/train_images/downy_mildew/102762.jpg
dup_0067,11,False,False,train;val;test,normal,train,normal,109089.jpg,datasets/paddy-disease-classification/train_images/normal/109089.jpg
dup_0067,11,False,False,train;val;test,normal,train,normal,105183.jpg,datasets/paddy-disease-classification/train_images/normal/105183.jpg
dup_0067,11,False,False,train;val;test,normal,train,normal,106802.jpg,datasets/paddy-disease-classification/train_images/normal/106802.jpg
dup_0067,11,False,False,train;val;test,normal,train,normal,100994.jpg,datasets/paddy-disease-classification/train_images/normal/100994.jpg
dup_0067,11,False,False,train;val;test,normal,train,normal,105899.jpg,datasets/paddy-disease-classification/train_images/normal/105899.jpg
dup_0067,11,False,False,train;val;test,normal,train,normal,105764.jpg,datasets/paddy-disease-classification/train_images/normal/105764.jpg
dup_0067,11,False,False,train;val;test,normal,val,normal,109871.jpg,datasets/paddy-disease-classification/train_images/normal/109871.jpg
dup_0067,11,False,False,train;val;test,normal,val,normal,102662.jpg,datasets/paddy-disease-classification/train_images/normal/102662.jpg
dup_0067,11,False,False,train;val;test,normal,val,normal,105237.jpg,datasets/paddy-disease-classification/train_images/normal/105237.jpg
dup_0067,11,False,False,train;val;test,normal,test,normal,107234.jpg,datasets/paddy-disease-classification/train_images/normal/107234.jpg
dup_0067,11,False,False,train;val;test,normal,test,normal,110136.jpg,datasets/paddy-disease-classification/train_images/normal/110136.jpg
dup_0068,5,False,False,train;val;test,hispa,train,hispa,107212.jpg,datasets/paddy-disease-classification/train_images/hispa/107212.jpg
dup_0068,5,False,False,train;val;test,hispa,train,hispa,109712.jpg,datasets/paddy-disease-classification/train_images/hispa/109712.jpg
dup_0068,5,False,False,train;val;test,hispa,val,hispa,100540.jpg,datasets/paddy-disease-classification/train_images/hispa/100540.jpg
dup_0068,5,False,False,train;val;test,hispa,test,hispa,107443.jpg,datasets/paddy-disease-classification/train_images/hispa/107443.jpg
dup_0068,5,False,False,train;val;test,hispa,test,hispa,102227.jpg,datasets/paddy-disease-classification/train_images/hispa/102227.jpg
dup_0069,4,False,False,train;test,hispa,train,hispa,108483.jpg,datasets/paddy-disease-classification/train_images/hispa/108483.jpg
dup_0069,4,False,False,train;test,hispa,train,hispa,103829.jpg,datasets/paddy-disease-classification/train_images/hispa/103829.jpg
dup_0069,4,False,False,train;test,hispa,test,hispa,109923.jpg,datasets/paddy-disease-classification/train_images/hispa/109923.jpg
dup_0069,4,False,False,train;test,hispa,test,hispa,104940.jpg,datasets/paddy-disease-classification/train_images/hispa/104940.jpg
dup_0070,2,False,False,train;val,normal,train,normal,102691.jpg,datasets/paddy-disease-classification/train_images/normal/102691.jpg
dup_0070,2,False,False,train;val,normal,val,normal,107026.jpg,datasets/paddy-disease-classification/train_images/normal/107026.jpg
dup_0071,3,False,False,train;test,brown_spot,train,brown_spot,108096.jpg,datasets/paddy-disease-classification/train_images/brown_spot/108096.jpg
dup_0071,3,False,False,train;test,brown_spot,train,brown_spot,102732.jpg,datasets/paddy-disease-classification/train_images/brown_spot/102732.jpg
dup_0071,3,False,False,train;test,brown_spot,test,brown_spot,105989.jpg,datasets/paddy-disease-classification/train_images/brown_spot/105989.jpg
dup_0072,2,False,False,train;val,dead_heart,train,dead_heart,109409.jpg,datasets/paddy-disease-classification/train_images/dead_heart/109409.jpg
dup_0072,2,False,False,train;val,dead_heart,val,dead_heart,101937.jpg,datasets/paddy-disease-classification/train_images/dead_heart/101937.jpg
dup_0073,6,False,False,train;val;test,downy_mildew,train,downy_mildew,105919.jpg,datasets/paddy-disease-classification/train_images/downy_mildew/105919.jpg
dup_0073,6,False,False,train;val;test,downy_mildew,train,downy_mildew,102177.jpg,datasets/paddy-disease-classification/train_images/downy_mildew/102177.jpg
dup_0073,6,False,False,train;val;test,downy_mildew,val,downy_mildew,107818.jpg,datasets/paddy-disease-classification/train_images/downy_mildew/107818.jpg
dup_0073,6,False,False,train;val;test,downy_mildew,test,downy_mildew,102009.jpg,datasets/paddy-disease-classification/train_images/downy_mildew/102009.jpg
dup_0073,6,False,False,train;val;test,downy_mildew,test,downy_mildew,104336.jpg,datasets/paddy-disease-classification/train_images/downy_mildew/104336.jpg
dup_0073,6,False,False,train;val;test,downy_mildew,test,downy_mildew,103804.jpg,datasets/paddy-disease-classification/train_images/downy_mildew/103804.jpg
dup_0074,2,False,False,train;val,blast,train,blast,106044.jpg,datasets/paddy-disease-classification/train_images/blast/106044.jpg
dup_0074,2,False,False,train;val,blast,val,blast,100819.jpg,datasets/paddy-disease-classification/train_images/blast/100819.jpg
dup_0075,2,False,False,train;test,hispa,train,hispa,101235.jpg,datasets/paddy-disease-classification/train_images/hispa/101235.jpg
dup_0075,2,False,False,train;test,hispa,test,hispa,109730.jpg,datasets/paddy-disease-classification/train_images/hispa/109730.jpg
dup_0076,3,False,False,train;test,hispa,train,hispa,101404.jpg,datasets/paddy-disease-classification/train_images/hispa/101404.jpg
dup_0076,3,False,False,train;test,hispa,train,hispa,108782.jpg,datasets/paddy-disease-classification/train_images/hispa/108782.jpg
dup_0076,3,False,False,train;test,hispa,test,hispa,105929.jpg,datasets/paddy-disease-classification/train_images/hispa/105929.jpg
dup_0077,2,True,False,train;val,tungro,train,tungro,105231.jpg,datasets/paddy-disease-classification/train_images/tungro/105231.jpg
dup_0077,2,True,False,train;val,tungro,val,tungro,106650.jpg,datasets/paddy-disease-classification/train_images/tungro/106650.jpg
dup_0078,7,False,False,train;val;test,hispa,train,hispa,107968.jpg,datasets/paddy-disease-classification/train_images/hispa/107968.jpg
dup_0078,7,False,False,train;val;test,hispa,train,hispa,104474.jpg,datasets/paddy-disease-classification/train_images/hispa/104474.jpg
dup_0078,7,False,False,train;val;test,hispa,train,hispa,106171.jpg,datasets/paddy-disease-classification/train_images/hispa/106171.jpg
dup_0078,7,False,False,train;val;test,hispa,train,hispa,105567.jpg,datasets/paddy-disease-classification/train_images/hispa/105567.jpg
dup_0078,7,False,False,train;val;test,hispa,train,hispa,106809.jpg,datasets/paddy-disease-classification/train_images/hispa/106809.jpg
dup_0078,7,False,False,train;val;test,hispa,val,hispa,104331.jpg,datasets/paddy-disease-classification/train_images/hispa/104331.jpg
dup_0078,7,False,False,train;val;test,hispa,test,hispa,100085.jpg,datasets/paddy-disease-classification/train_images/hispa/100085.jpg
dup_0079,3,False,False,train;test,downy_mildew,train,downy_mildew,104812.jpg,datasets/paddy-disease-classification/train_images/downy_mildew/104812.jpg
dup_0079,3,False,False,train;test,downy_mildew,train,downy_mildew,109888.jpg,datasets/paddy-disease-classification/train_images/downy_mildew/109888.jpg
dup_0079,3,False,False,train;test,downy_mildew,test,downy_mildew,101565.jpg,datasets/paddy-disease-classification/train_images/downy_mildew/101565.jpg
dup_0080,3,False,False,train;val,dead_heart,train,dead_heart,103472.jpg,datasets/paddy-disease-classification/train_images/dead_heart/103472.jpg
dup_0080,3,False,False,train;val,dead_heart,train,dead_heart,100117.jpg,datasets/paddy-disease-classification/train_images/dead_heart/100117.jpg
dup_0080,3,False,False,train;val,dead_heart,val,dead_heart,109329.jpg,datasets/paddy-disease-classification/train_images/dead_heart/109329.jpg
dup_0081,3,False,False,train;val,brown_spot,train,brown_spot,109013.jpg,datasets/paddy-disease-classification/train_images/brown_spot/109013.jpg
dup_0081,3,False,False,train;val,brown_spot,train,brown_spot,108077.jpg,datasets/paddy-disease-classification/train_images/brown_spot/108077.jpg
dup_0081,3,False,False,train;val,brown_spot,val,brown_spot,107433.jpg,datasets/paddy-disease-classification/train_images/brown_spot/107433.jpg
dup_0082,3,False,False,train;test,normal,train,normal,101936.jpg,datasets/paddy-disease-classification/train_images/normal/101936.jpg
dup_0082,3,False,False,train;test,normal,train,normal,105652.jpg,datasets/paddy-disease-classification/train_images/normal/105652.jpg
dup_0082,3,False,False,train;test,normal,test,normal,110171.jpg,datasets/paddy-disease-classification/train_images/normal/110171.jpg
dup_0083,2,False,False,train;val,bacterial_leaf_blight,train,bacterial_leaf_blight,101176.jpg,datasets/paddy-disease-classification/train_images/bacterial_leaf_blight/101176.jpg
dup_0083,2,False,False,train;val,bacterial_leaf_blight,val,bacterial_leaf_blight,108425.jpg,datasets/paddy-disease-classification/train_images/bacterial_leaf_blight/108425.jpg
dup_0084,2,False,False,train;test,bacterial_leaf_blight,train,bacterial_leaf_blight,106812.jpg,datasets/paddy-disease-classification/train_images/bacterial_leaf_blight/106812.jpg
dup_0084,2,False,False,train;test,bacterial_leaf_blight,test,bacterial_leaf_blight,106713.jpg,datasets/paddy-disease-classification/train_images/bacterial_leaf_blight/106713.jpg
dup_0085,2,False,False,train;val,blast,train,blast,107780.jpg,datasets/paddy-disease-classification/train_images/blast/107780.jpg
dup_0085,2,False,False,train;val,blast,val,blast,106787.jpg,datasets/paddy-disease-classification/train_images/blast/106787.jpg
dup_0086,2,False,False,train;test,dead_heart,train,dead_heart,107718.jpg,datasets/paddy-disease-classification/train_images/dead_heart/107718.jpg
dup_0086,2,False,False,train;test,dead_heart,test,dead_heart,101487.jpg,datasets/paddy-disease-classification/train_images/dead_heart/101487.jpg
dup_0087,5,True,False,train;val;test,normal,train,normal,107897.jpg,datasets/paddy-disease-classification/train_images/normal/107897.jpg
dup_0087,5,True,False,train;val;test,normal,train,normal,106932.jpg,datasets/paddy-disease-classification/train_images/normal/106932.jpg
dup_0087,5,True,False,train;val;test,normal,train,normal,106051.jpg,datasets/paddy-disease-classification/train_images/normal/106051.jpg
dup_0087,5,True,False,train;val;test,normal,val,normal,103895.jpg,datasets/paddy-disease-classification/train_images/normal/103895.jpg
dup_0087,5,True,False,train;val;test,normal,test,normal,100344.jpg,datasets/paddy-disease-classification/train_images/normal/100344.jpg
dup_0088,2,False,False,train;val,blast,train,blast,100774.jpg,datasets/paddy-disease-classification/train_images/blast/100774.jpg
dup_0088,2,False,False,train;val,blast,val,blast,109484.jpg,datasets/paddy-disease-classification/train_images/blast/109484.jpg
dup_0089,3,False,False,train;test,hispa,train,hispa,103667.jpg,datasets/paddy-disease-classification/train_images/hispa/103667.jpg
dup_0089,3,False,False,train;test,hispa,train,hispa,109160.jpg,datasets/paddy-disease-classification/train_images/hispa/109160.jpg
dup_0089,3,False,False,train;test,hispa,test,hispa,103718.jpg,datasets/paddy-disease-classification/train_images/hispa/103718.jpg
dup_0090,2,False,False,train;val,normal,train,normal,108612.jpg,datasets/paddy-disease-classification/train_images/normal/108612.jpg
dup_0090,2,False,False,train;val,normal,val,normal,107942.jpg,datasets/paddy-disease-classification/train_images/normal/107942.jpg
dup_0091,2,False,False,train;val,dead_heart,train,dead_heart,102926.jpg,datasets/paddy-disease-classification/train_images/dead_heart/102926.jpg
dup_0091,2,False,False,train;val,dead_heart,val,dead_heart,105404.jpg,datasets/paddy-disease-classification/train_images/dead_heart/105404.jpg
dup_0092,2,False,False,train;val,blast,train,blast,110289.jpg,datasets/paddy-disease-classification/train_images/blast/110289.jpg
dup_0092,2,False,False,train;val,blast,val,blast,105593.jpg,datasets/paddy-disease-classification/train_images/blast/105593.jpg
dup_0093,6,False,False,train;val;test,downy_mildew,train,downy_mildew,101861.jpg,datasets/paddy-disease-classification/train_images/downy_mildew/101861.jpg
dup_0093,6,False,False,train;val;test,downy_mildew,train,downy_mildew,104193.jpg,datasets/paddy-disease-classification/train_images/downy_mildew/104193.jpg
dup_0093,6,False,False,train;val;test,downy_mildew,train,downy_mildew,101513.jpg,datasets/paddy-disease-classification/train_images/downy_mildew/101513.jpg
dup_0093,6,False,False,train;val;test,downy_mildew,val,downy_mildew,106837.jpg,datasets/paddy-disease-classification/train_images/downy_mildew/106837.jpg
dup_0093,6,False,False,train;val;test,downy_mildew,val,downy_mildew,103130.jpg,datasets/paddy-disease-classification/train_images/downy_mildew/103130.jpg
dup_0093,6,False,False,train;val;test,downy_mildew,test,downy_mildew,107356.jpg,datasets/paddy-disease-classification/train_images/downy_mildew/107356.jpg
dup_0094,2,False,False,train;val,downy_mildew,train,downy_mildew,103135.jpg,datasets/paddy-disease-classification/train_images/downy_mildew/103135.jpg
dup_0094,2,False,False,train;val,downy_mildew,val,downy_mildew,100974.jpg,datasets/paddy-disease-classification/train_images/downy_mildew/100974.jpg
dup_0095,3,False,False,train;test,tungro,train,tungro,104016.jpg,datasets/paddy-disease-classification/train_images/tungro/104016.jpg
dup_0095,3,False,False,train;test,tungro,train,tungro,101387.jpg,datasets/paddy-disease-classification/train_images/tungro/101387.jpg
dup_0095,3,False,False,train;test,tungro,test,tungro,110228.jpg,datasets/paddy-disease-classification/train_images/tungro/110228.jpg
dup_0096,4,False,False,train;val;test,bacterial_leaf_streak,train,bacterial_leaf_streak,107925.jpg,datasets/paddy-disease-classification/train_images/bacterial_leaf_streak/107925.jpg
dup_0096,4,False,False,train;val;test,bacterial_leaf_streak,train,bacterial_leaf_streak,102137.jpg,datasets/paddy-disease-classification/train_images/bacterial_leaf_streak/102137.jpg
dup_0096,4,False,False,train;val;test,bacterial_leaf_streak,val,bacterial_leaf_streak,108864.jpg,datasets/paddy-disease-classification/train_images/bacterial_leaf_streak/108864.jpg
dup_0096,4,False,False,train;val;test,bacterial_leaf_streak,test,bacterial_leaf_streak,103275.jpg,datasets/paddy-disease-classification/train_images/bacterial_leaf_streak/103275.jpg
dup_0097,2,False,False,train;test,brown_spot,train,brown_spot,106071.jpg,datasets/paddy-disease-classification/train_images/brown_spot/106071.jpg
dup_0097,2,False,False,train;test,brown_spot,test,brown_spot,104002.jpg,datasets/paddy-disease-classification/train_images/brown_spot/104002.jpg
dup_0098,2,False,False,train;val,brown_spot,train,brown_spot,106774.jpg,datasets/paddy-disease-classification/train_images/brown_spot/106774.jpg
dup_0098,2,False,False,train;val,brown_spot,val,brown_spot,108346.jpg,datasets/paddy-disease-classification/train_images/brown_spot/108346.jpg
dup_0099,2,False,False,train;val,normal,train,normal,103916.jpg,datasets/paddy-disease-classification/train_images/normal/103916.jpg
dup_0099,2,False,False,train;val,normal,val,normal,106224.jpg,datasets/paddy-disease-classification/train_images/normal/106224.jpg
dup_0100,2,False,False,train;val,downy_mildew,train,downy_mildew,104434.jpg,datasets/paddy-disease-classification/train_images/downy_mildew/104434.jpg
dup_0100,2,False,False,train;val,downy_mildew,val,downy_mildew,103973.jpg,datasets/paddy-disease-classification/train_images/downy_mildew/103973.jpg
dup_0101,4,False,False,train;val;test,normal,train,normal,108434.jpg,datasets/paddy-disease-classification/train_images/normal/108434.jpg
dup_0101,4,False,False,train;val;test,normal,train,normal,106012.jpg,datasets/paddy-disease-classification/train_images/normal/106012.jpg
dup_0101,4,False,False,train;val;test,normal,val,normal,100920.jpg,datasets/paddy-disease-classification/train_images/normal/100920.jpg
dup_0101,4,False,False,train;val;test,normal,test,normal,105361.jpg,datasets/paddy-disease-classification/train_images/normal/105361.jpg
dup_0102,2,False,False,train;test,hispa,train,hispa,107429.jpg,datasets/paddy-disease-classification/train_images/hispa/107429.jpg
dup_0102,2,False,False,train;test,hispa,test,hispa,108790.jpg,datasets/paddy-disease-classification/train_images/hispa/108790.jpg
dup_0103,8,False,False,train;val;test,blast,train,blast,110389.jpg,datasets/paddy-disease-classification/train_images/blast/110389.jpg
dup_0103,8,False,False,train;val;test,blast,train,blast,104069.jpg,datasets/paddy-disease-classification/train_images/blast/104069.jpg
dup_0103,8,False,False,train;val;test,blast,train,blast,109195.jpg,datasets/paddy-disease-classification/train_images/blast/109195.jpg
dup_0103,8,False,False,train;val;test,blast,train,blast,110306.jpg,datasets/paddy-disease-classification/train_images/blast/110306.jpg
dup_0103,8,False,False,train;val;test,blast,val,blast,110055.jpg,datasets/paddy-disease-classification/train_images/blast/110055.jpg
dup_0103,8,False,False,train;val;test,blast,test,blast,107798.jpg,datasets/paddy-disease-classification/train_images/blast/107798.jpg
dup_0103,8,False,False,train;val;test,blast,test,blast,103365.jpg,datasets/paddy-disease-classification/train_images/blast/103365.jpg
dup_0103,8,False,False,train;val;test,blast,test,blast,109423.jpg,datasets/paddy-disease-classification/train_images/blast/109423.jpg
dup_0104,2,False,False,train;test,downy_mildew,train,downy_mildew,107794.jpg,datasets/paddy-disease-classification/train_images/downy_mildew/107794.jpg
dup_0104,2,False,False,train;test,downy_mildew,test,downy_mildew,106867.jpg,datasets/paddy-disease-classification/train_images/downy_mildew/106867.jpg
dup_0105,3,False,False,train;val,blast,train,blast,100280.jpg,datasets/paddy-disease-classification/train_images/blast/100280.jpg
dup_0105,3,False,False,train;val,blast,train,blast,103756.jpg,datasets/paddy-disease-classification/train_images/blast/103756.jpg
dup_0105,3,False,False,train;val,blast,val,blast,101010.jpg,datasets/paddy-disease-classification/train_images/blast/101010.jpg
dup_0106,9,False,False,train;val;test,downy_mildew,train,downy_mildew,100070.jpg,datasets/paddy-disease-classification/train_images/downy_mildew/100070.jpg
dup_0106,9,False,False,train;val;test,downy_mildew,train,downy_mildew,102847.jpg,datasets/paddy-disease-classification/train_images/downy_mildew/102847.jpg
dup_0106,9,False,False,train;val;test,downy_mildew,train,downy_mildew,103140.jpg,datasets/paddy-disease-classification/train_images/downy_mildew/103140.jpg
dup_0106,9,False,False,train;val;test,downy_mildew,train,downy_mildew,104873.jpg,datasets/paddy-disease-classification/train_images/downy_mildew/104873.jpg
dup_0106,9,False,False,train;val;test,downy_mildew,val,downy_mildew,103468.jpg,datasets/paddy-disease-classification/train_images/downy_mildew/103468.jpg
dup_0106,9,False,False,train;val;test,downy_mildew,val,downy_mildew,107506.jpg,datasets/paddy-disease-classification/train_images/downy_mildew/107506.jpg
dup_0106,9,False,False,train;val;test,downy_mildew,val,downy_mildew,105446.jpg,datasets/paddy-disease-classification/train_images/downy_mildew/105446.jpg
dup_0106,9,False,False,train;val;test,downy_mildew,test,downy_mildew,110037.jpg,datasets/paddy-disease-classification/train_images/downy_mildew/110037.jpg
dup_0106,9,False,False,train;val;test,downy_mildew,test,downy_mildew,106233.jpg,datasets/paddy-disease-classification/train_images/downy_mildew/106233.jpg
dup_0107,3,False,False,train;val,brown_spot,train,brown_spot,107396.jpg,datasets/paddy-disease-classification/train_images/brown_spot/107396.jpg
dup_0107,3,False,False,train;val,brown_spot,train,brown_spot,105319.jpg,datasets/paddy-disease-classification/train_images/brown_spot/105319.jpg
dup_0107,3,False,False,train;val,brown_spot,val,brown_spot,103120.jpg,datasets/paddy-disease-classification/train_images/brown_spot/103120.jpg
dup_0108,5,False,False,train;test,tungro,train,tungro,106129.jpg,datasets/paddy-disease-classification/train_images/tungro/106129.jpg
dup_0108,5,False,False,train;test,tungro,train,tungro,107625.jpg,datasets/paddy-disease-classification/train_images/tungro/107625.jpg
dup_0108,5,False,False,train;test,tungro,train,tungro,103497.jpg,datasets/paddy-disease-classification/train_images/tungro/103497.jpg
dup_0108,5,False,False,train;test,tungro,test,tungro,107015.jpg,datasets/paddy-disease-classification/train_images/tungro/107015.jpg
dup_0108,5,False,False,train;test,tungro,test,tungro,105469.jpg,datasets/paddy-disease-classification/train_images/tungro/105469.jpg
dup_0109,2,False,False,train;val,hispa,train,hispa,109130.jpg,datasets/paddy-disease-classification/train_images/hispa/109130.jpg
dup_0109,2,False,False,train;val,hispa,val,hispa,108853.jpg,datasets/paddy-disease-classification/train_images/hispa/108853.jpg
dup_0110,2,False,False,train;val,brown_spot,train,brown_spot,108365.jpg,datasets/paddy-disease-classification/train_images/brown_spot/108365.jpg
dup_0110,2,False,False,train;val,brown_spot,val,brown_spot,108664.jpg,datasets/paddy-disease-classification/train_images/brown_spot/108664.jpg
dup_0111,2,False,False,train;val,blast,train,blast,108814.jpg,datasets/paddy-disease-classification/train_images/blast/108814.jpg
dup_0111,2,False,False,train;val,blast,val,blast,102474.jpg,datasets/paddy-disease-classification/train_images/blast/102474.jpg
dup_0112,4,False,False,train;val,blast,train,blast,100984.jpg,datasets/paddy-disease-classification/train_images/blast/100984.jpg
dup_0112,4,False,False,train;val,blast,train,blast,101754.jpg,datasets/paddy-disease-classification/train_images/blast/101754.jpg
dup_0112,4,False,False,train;val,blast,val,blast,103603.jpg,datasets/paddy-disease-classification/train_images/blast/103603.jpg
dup_0112,4,False,False,train;val,blast,val,blast,106153.jpg,datasets/paddy-disease-classification/train_images/blast/106153.jpg
dup_0113,3,False,False,train;test,bacterial_leaf_streak,train,bacterial_leaf_streak,105815.jpg,datasets/paddy-disease-classification/train_images/bacterial_leaf_streak/105815.jpg
dup_0113,3,False,False,train;test,bacterial_leaf_streak,train,bacterial_leaf_streak,104567.jpg,datasets/paddy-disease-classification/train_images/bacterial_leaf_streak/104567.jpg
dup_0113,3,False,False,train;test,bacterial_leaf_streak,test,bacterial_leaf_streak,109679.jpg,datasets/paddy-disease-classification/train_images/bacterial_leaf_streak/109679.jpg
dup_0114,2,False,False,train;test,dead_heart,train,dead_heart,109767.jpg,datasets/paddy-disease-classification/train_images/dead_heart/109767.jpg
dup_0114,2,False,False,train;test,dead_heart,test,dead_heart,103864.jpg,datasets/paddy-disease-classification/train_images/dead_heart/103864.jpg
dup_0115,2,False,False,train;test,bacterial_leaf_streak,train,bacterial_leaf_streak,100837.jpg,datasets/paddy-disease-classification/train_images/bacterial_leaf_streak/100837.jpg
dup_0115,2,False,False,train;test,bacterial_leaf_streak,test,bacterial_leaf_streak,100409.jpg,datasets/paddy-disease-classification/train_images/bacterial_leaf_streak/100409.jpg
dup_0116,4,False,False,train;test,normal,train,normal,101974.jpg,datasets/paddy-disease-classification/train_images/normal/101974.jpg
dup_0116,4,False,False,train;test,normal,train,normal,107252.jpg,datasets/paddy-disease-classification/train_images/normal/107252.jpg
dup_0116,4,False,False,train;test,normal,train,normal,100315.jpg,datasets/paddy-disease-classification/train_images/normal/100315.jpg
dup_0116,4,False,False,train;test,normal,test,normal,100933.jpg,datasets/paddy-disease-classification/train_images/normal/100933.jpg
dup_0117,4,False,False,train;val;test,downy_mildew,train,downy_mildew,107333.jpg,datasets/paddy-disease-classification/train_images/downy_mildew/107333.jpg
dup_0117,4,False,False,train;val;test,downy_mildew,train,downy_mildew,105733.jpg,datasets/paddy-disease-classification/train_images/downy_mildew/105733.jpg
dup_0117,4,False,False,train;val;test,downy_mildew,val,downy_mildew,107915.jpg,datasets/paddy-disease-classification/train_images/downy_mildew/107915.jpg
dup_0117,4,False,False,train;val;test,downy_mildew,test,downy_mildew,103886.jpg,datasets/paddy-disease-classification/train_images/downy_mildew/103886.jpg
dup_0118,4,False,False,train;val,blast,train,blast,101097.jpg,datasets/paddy-disease-classification/train_images/blast/101097.jpg
dup_0118,4,False,False,train;val,blast,train,blast,107344.jpg,datasets/paddy-disease-classification/train_images/blast/107344.jpg
dup_0118,4,False,False,train;val,blast,train,blast,104382.jpg,datasets/paddy-disease-classification/train_images/blast/104382.jpg
dup_0118,4,False,False,train;val,blast,val,blast,108609.jpg,datasets/paddy-disease-classification/train_images/blast/108609.jpg
dup_0119,3,False,False,train;val;test,tungro,train,tungro,107415.jpg,datasets/paddy-disease-classification/train_images/tungro/107415.jpg
dup_0119,3,False,False,train;val;test,tungro,val,tungro,103561.jpg,datasets/paddy-disease-classification/train_images/tungro/103561.jpg
dup_0119,3,False,False,train;val;test,tungro,test,tungro,106094.jpg,datasets/paddy-disease-classification/train_images/tungro/106094.jpg
dup_0120,3,False,False,train;test,downy_mildew,train,downy_mildew,105540.jpg,datasets/paddy-disease-classification/train_images/downy_mildew/105540.jpg
dup_0120,3,False,False,train;test,downy_mildew,train,downy_mildew,109199.jpg,datasets/paddy-disease-classification/train_images/downy_mildew/109199.jpg
dup_0120,3,False,False,train;test,downy_mildew,test,downy_mildew,110212.jpg,datasets/paddy-disease-classification/train_images/downy_mildew/110212.jpg
dup_0121,4,False,False,train;val,blast,train,blast,100797.jpg,datasets/paddy-disease-classification/train_images/blast/100797.jpg
dup_0121,4,False,False,train;val,blast,train,blast,101435.jpg,datasets/paddy-disease-classification/train_images/blast/101435.jpg
dup_0121,4,False,False,train;val,blast,train,blast,101947.jpg,datasets/paddy-disease-classification/train_images/blast/101947.jpg
dup_0121,4,False,False,train;val,blast,val,blast,104191.jpg,datasets/paddy-disease-classification/train_images/blast/104191.jpg
dup_0122,2,False,False,train;test,normal,train,normal,107115.jpg,datasets/paddy-disease-classification/train_images/normal/107115.jpg
dup_0122,2,False,False,train;test,normal,test,normal,109061.jpg,datasets/paddy-disease-classification/train_images/normal/109061.jpg
dup_0123,3,False,False,train;val,normal,train,normal,100666.jpg,datasets/paddy-disease-classification/train_images/normal/100666.jpg
dup_0123,3,False,False,train;val,normal,train,normal,105496.jpg,datasets/paddy-disease-classification/train_images/normal/105496.jpg
dup_0123,3,False,False,train;val,normal,val,normal,107257.jpg,datasets/paddy-disease-classification/train_images/normal/107257.jpg
dup_0124,9,False,False,train;val;test,blast,train,blast,100674.jpg,datasets/paddy-disease-classification/train_images/blast/100674.jpg
dup_0124,9,False,False,train;val;test,blast,train,blast,109533.jpg,datasets/paddy-disease-classification/train_images/blast/109533.jpg
dup_0124,9,False,False,train;val;test,blast,train,blast,106443.jpg,datasets/paddy-disease-classification/train_images/blast/106443.jpg
dup_0124,9,False,False,train;val;test,blast,train,blast,102514.jpg,datasets/paddy-disease-classification/train_images/blast/102514.jpg
dup_0124,9,False,False,train;val;test,blast,train,blast,103144.jpg,datasets/paddy-disease-classification/train_images/blast/103144.jpg
dup_0124,9,False,False,train;val;test,blast,train,blast,105717.jpg,datasets/paddy-disease-classification/train_images/blast/105717.jpg
dup_0124,9,False,False,train;val;test,blast,train,blast,109298.jpg,datasets/paddy-disease-classification/train_images/blast/109298.jpg
dup_0124,9,False,False,train;val;test,blast,val,blast,109602.jpg,datasets/paddy-disease-classification/train_images/blast/109602.jpg
dup_0124,9,False,False,train;val;test,blast,test,blast,110006.jpg,datasets/paddy-disease-classification/train_images/blast/110006.jpg
dup_0125,6,False,False,train;val;test,blast,train,blast,100679.jpg,datasets/paddy-disease-classification/train_images/blast/100679.jpg
dup_0125,6,False,False,train;val;test,blast,train,blast,103490.jpg,datasets/paddy-disease-classification/train_images/blast/103490.jpg
dup_0125,6,False,False,train;val;test,blast,train,blast,101666.jpg,datasets/paddy-disease-classification/train_images/blast/101666.jpg
dup_0125,6,False,False,train;val;test,blast,val,blast,106245.jpg,datasets/paddy-disease-classification/train_images/blast/106245.jpg
dup_0125,6,False,False,train;val;test,blast,test,blast,101016.jpg,datasets/paddy-disease-classification/train_images/blast/101016.jpg
dup_0125,6,False,False,train;val;test,blast,test,blast,102018.jpg,datasets/paddy-disease-classification/train_images/blast/102018.jpg
dup_0126,2,True,False,train;test,bacterial_leaf_blight,train,bacterial_leaf_blight,108353.jpg,datasets/paddy-disease-classification/train_images/bacterial_leaf_blight/108353.jpg
dup_0126,2,True,False,train;test,bacterial_leaf_blight,test,bacterial_leaf_blight,101173.jpg,datasets/paddy-disease-classification/train_images/bacterial_leaf_blight/101173.jpg
dup_0127,2,False,False,train;val,tungro,train,tungro,101842.jpg,datasets/paddy-disease-classification/train_images/tungro/101842.jpg
dup_0127,2,False,False,train;val,tungro,val,tungro,104145.jpg,datasets/paddy-disease-classification/train_images/tungro/104145.jpg
dup_0128,3,False,True,train;test,hispa;normal,train,normal,106997.jpg,datasets/paddy-disease-classification/train_images/normal/106997.jpg
dup_0128,3,False,True,train;test,hispa;normal,train,hispa,102209.jpg,datasets/paddy-disease-classification/train_images/hispa/102209.jpg
dup_0128,3,False,True,train;test,hispa;normal,test,normal,106035.jpg,datasets/paddy-disease-classification/train_images/normal/106035.jpg
dup_0129,2,False,False,train;val,blast,train,blast,102469.jpg,datasets/paddy-disease-classification/train_images/blast/102469.jpg
dup_0129,2,False,False,train;val,blast,val,blast,103314.jpg,datasets/paddy-disease-classification/train_images/blast/103314.jpg
dup_0130,2,False,False,train;val,tungro,train,tungro,109827.jpg,datasets/paddy-disease-classification/train_images/tungro/109827.jpg
dup_0130,2,False,False,train;val,tungro,val,tungro,108933.jpg,datasets/paddy-disease-classification/train_images/tungro/108933.jpg
dup_0131,2,False,False,train;val,hispa,train,hispa,106442.jpg,datasets/paddy-disease-classification/train_images/hispa/106442.jpg
dup_0131,2,False,False,train;val,hispa,val,hispa,100809.jpg,datasets/paddy-disease-classification/train_images/hispa/100809.jpg
dup_0132,2,False,False,train;val,hispa,train,hispa,105388.jpg,datasets/paddy-disease-classification/train_images/hispa/105388.jpg
dup_0132,2,False,False,train;val,hispa,val,hispa,103650.jpg,datasets/paddy-disease-classification/train_images/hispa/103650.jpg
dup_0133,4,False,False,train;val;test,blast,train,blast,100364.jpg,datasets/paddy-disease-classification/train_images/blast/100364.jpg
dup_0133,4,False,False,train;val;test,blast,train,blast,108221.jpg,datasets/paddy-disease-classification/train_images/blast/108221.jpg
dup_0133,4,False,False,train;val;test,blast,val,blast,100334.jpg,datasets/paddy-disease-classification/train_images/blast/100334.jpg
dup_0133,4,False,False,train;val;test,blast,test,blast,110235.jpg,datasets/paddy-disease-classification/train_images/blast/110235.jpg
dup_0134,2,False,False,train;val,hispa,train,hispa,104838.jpg,datasets/paddy-disease-classification/train_images/hispa/104838.jpg
dup_0134,2,False,False,train;val,hispa,val,hispa,102656.jpg,datasets/paddy-disease-classification/train_images/hispa/102656.jpg
dup_0135,2,False,False,train;test,dead_heart,train,dead_heart,106369.jpg,datasets/paddy-disease-classification/train_images/dead_heart/106369.jpg
dup_0135,2,False,False,train;test,dead_heart,test,dead_heart,108644.jpg,datasets/paddy-disease-classification/train_images/dead_heart/108644.jpg
dup_0136,5,True,False,train;test,dead_heart,train,dead_heart,107336.jpg,datasets/paddy-disease-classification/train_images/dead_heart/107336.jpg
dup_0136,5,True,False,train;test,dead_heart,train,dead_heart,101770.jpg,datasets/paddy-disease-classification/train_images/dead_heart/101770.jpg
dup_0136,5,True,False,train;test,dead_heart,train,dead_heart,103329.jpg,datasets/paddy-disease-classification/train_images/dead_heart/103329.jpg
dup_0136,5,True,False,train;test,dead_heart,train,dead_heart,109057.jpg,datasets/paddy-disease-classification/train_images/dead_heart/109057.jpg
dup_0136,5,True,False,train;test,dead_heart,test,dead_heart,106924.jpg,datasets/paddy-disease-classification/train_images/dead_heart/106924.jpg
dup_0137,5,False,False,train;test,tungro,train,tungro,107269.jpg,datasets/paddy-disease-classification/train_images/tungro/107269.jpg
dup_0137,5,False,False,train;test,tungro,train,tungro,101086.jpg,datasets/paddy-disease-classification/train_images/tungro/101086.jpg
dup_0137,5,False,False,train;test,tungro,train,tungro,107721.jpg,datasets/paddy-disease-classification/train_images/tungro/107721.jpg
dup_0137,5,False,False,train;test,tungro,test,tungro,103202.jpg,datasets/paddy-disease-classification/train_images/tungro/103202.jpg
dup_0137,5,False,False,train;test,tungro,test,tungro,101091.jpg,datasets/paddy-disease-classification/train_images/tungro/101091.jpg
dup_0138,3,False,False,train;val,dead_heart,train,dead_heart,103263.jpg,datasets/paddy-disease-classification/train_images/dead_heart/103263.jpg
dup_0138,3,False,False,train;val,dead_heart,train,dead_heart,100450.jpg,datasets/paddy-disease-classification/train_images/dead_heart/100450.jpg
dup_0138,3,False,False,train;val,dead_heart,val,dead_heart,108637.jpg,datasets/paddy-disease-classification/train_images/dead_heart/108637.jpg
dup_0139,2,False,False,train;val,hispa,train,hispa,104693.jpg,datasets/paddy-disease-classification/train_images/hispa/104693.jpg
dup_0139,2,False,False,train;val,hispa,val,hispa,101580.jpg,datasets/paddy-disease-classification/train_images/hispa/101580.jpg
dup_0140,2,False,False,train;test,bacterial_leaf_streak,train,bacterial_leaf_streak,101047.jpg,datasets/paddy-disease-classification/train_images/bacterial_leaf_streak/101047.jpg
dup_0140,2,False,False,train;test,bacterial_leaf_streak,test,bacterial_leaf_streak,107674.jpg,datasets/paddy-disease-classification/train_images/bacterial_leaf_streak/107674.jpg
dup_0141,2,False,False,train;val,bacterial_leaf_blight,train,bacterial_leaf_blight,105851.jpg,datasets/paddy-disease-classification/train_images/bacterial_leaf_blight/105851.jpg
dup_0141,2,False,False,train;val,bacterial_leaf_blight,val,bacterial_leaf_blight,104691.jpg,datasets/paddy-disease-classification/train_images/bacterial_leaf_blight/104691.jpg
dup_0142,2,False,False,train;val,bacterial_leaf_streak,train,bacterial_leaf_streak,110260.jpg,datasets/paddy-disease-classification/train_images/bacterial_leaf_streak/110260.jpg
dup_0142,2,False,False,train;val,bacterial_leaf_streak,val,bacterial_leaf_streak,109794.jpg,datasets/paddy-disease-classification/train_images/bacterial_leaf_streak/109794.jpg
dup_0143,2,False,False,train;test,hispa,train,hispa,110383.jpg,datasets/paddy-disease-classification/train_images/hispa/110383.jpg
dup_0143,2,False,False,train;test,hispa,test,hispa,101083.jpg,datasets/paddy-disease-classification/train_images/hispa/101083.jpg
dup_0144,4,False,False,train;test,dead_heart,train,dead_heart,110005.jpg,datasets/paddy-disease-classification/train_images/dead_heart/110005.jpg
dup_0144,4,False,False,train;test,dead_heart,train,dead_heart,104473.jpg,datasets/paddy-disease-classification/train_images/dead_heart/104473.jpg
dup_0144,4,False,False,train;test,dead_heart,train,dead_heart,103957.jpg,datasets/paddy-disease-classification/train_images/dead_heart/103957.jpg
dup_0144,4,False,False,train;test,dead_heart,test,dead_heart,100752.jpg,datasets/paddy-disease-classification/train_images/dead_heart/100752.jpg
dup_0145,11,False,False,train;val;test,hispa,train,hispa,107887.jpg,datasets/paddy-disease-classification/train_images/hispa/107887.jpg
dup_0145,11,False,False,train;val;test,hispa,train,hispa,105710.jpg,datasets/paddy-disease-classification/train_images/hispa/105710.jpg
dup_0145,11,False,False,train;val;test,hispa,train,hispa,106166.jpg,datasets/paddy-disease-classification/train_images/hispa/106166.jpg
dup_0145,11,False,False,train;val;test,hispa,train,hispa,103348.jpg,datasets/paddy-disease-classification/train_images/hispa/103348.jpg
dup_0145,11,False,False,train;val;test,hispa,train,hispa,104537.jpg,datasets/paddy-disease-classification/train_images/hispa/104537.jpg
dup_0145,11,False,False,train;val;test,hispa,val,hispa,105714.jpg,datasets/paddy-disease-classification/train_images/hispa/105714.jpg
dup_0145,11,False,False,train;val;test,hispa,val,hispa,109593.jpg,datasets/paddy-disease-classification/train_images/hispa/109593.jpg
dup_0145,11,False,False,train;val;test,hispa,val,hispa,106789.jpg,datasets/paddy-disease-classification/train_images/hispa/106789.jpg
dup_0145,11,False,False,train;val;test,hispa,val,hispa,102784.jpg,datasets/paddy-disease-classification/train_images/hispa/102784.jpg
dup_0145,11,False,False,train;val;test,hispa,test,hispa,104793.jpg,datasets/paddy-disease-classification/train_images/hispa/104793.jpg
dup_0145,11,False,False,train;val;test,hispa,test,hispa,108493.jpg,datasets/paddy-disease-classification/train_images/hispa/108493.jpg
dup_0146,2,False,False,train;test,normal,train,normal,103132.jpg,datasets/paddy-disease-classification/train_images/normal/103132.jpg
dup_0146,2,False,False,train;test,normal,test,normal,107778.jpg,datasets/paddy-disease-classification/train_images/normal/107778.jpg
dup_0147,2,False,False,train;test,hispa,train,hispa,101027.jpg,datasets/paddy-disease-classification/train_images/hispa/101027.jpg
dup_0147,2,False,False,train;test,hispa,test,hispa,109676.jpg,datasets/paddy-disease-classification/train_images/hispa/109676.jpg
dup_0148,2,False,False,train;test,tungro,train,tungro,107001.jpg,datasets/paddy-disease-classification/train_images/tungro/107001.jpg
dup_0148,2,False,False,train;test,tungro,test,tungro,107111.jpg,datasets/paddy-disease-classification/train_images/tungro/107111.jpg
dup_0149,2,False,False,train;test,brown_spot,train,brown_spot,107264.jpg,datasets/paddy-disease-classification/train_images/brown_spot/107264.jpg
dup_0149,2,False,False,train;test,brown_spot,test,brown_spot,105182.jpg,datasets/paddy-disease-classification/train_images/brown_spot/105182.jpg
dup_0150,2,False,False,train;val,bacterial_leaf_streak,train,bacterial_leaf_streak,109594.jpg,datasets/paddy-disease-classification/train_images/bacterial_leaf_streak/109594.jpg
dup_0150,2,False,False,train;val,bacterial_leaf_streak,val,bacterial_leaf_streak,107984.jpg,datasets/paddy-disease-classification/train_images/bacterial_leaf_streak/107984.jpg
dup_0151,2,False,False,train;test,brown_spot,train,brown_spot,107126.jpg,datasets/paddy-disease-classification/train_images/brown_spot/107126.jpg
dup_0151,2,False,False,train;test,brown_spot,test,brown_spot,107361.jpg,datasets/paddy-disease-classification/train_images/brown_spot/107361.jpg
dup_0152,2,False,False,train;test,dead_heart,train,dead_heart,107095.jpg,datasets/paddy-disease-classification/train_images/dead_heart/107095.jpg
dup_0152,2,False,False,train;test,dead_heart,test,dead_heart,107579.jpg,datasets/paddy-disease-classification/train_images/dead_heart/107579.jpg
dup_0153,2,False,False,train;val,bacterial_leaf_blight,train,bacterial_leaf_blight,100268.jpg,datasets/paddy-disease-classification/train_images/bacterial_leaf_blight/100268.jpg
dup_0153,2,False,False,train;val,bacterial_leaf_blight,val,bacterial_leaf_blight,106760.jpg,datasets/paddy-disease-classification/train_images/bacterial_leaf_blight/106760.jpg
dup_0154,2,False,False,train;val,blast,train,blast,107975.jpg,datasets/paddy-disease-classification/train_images/blast/107975.jpg
dup_0154,2,False,False,train;val,blast,val,blast,101491.jpg,datasets/paddy-disease-classification/train_images/blast/101491.jpg
dup_0155,3,False,False,train;test,blast,train,blast,103986.jpg,datasets/paddy-disease-classification/train_images/blast/103986.jpg
dup_0155,3,False,False,train;test,blast,train,blast,101323.jpg,datasets/paddy-disease-classification/train_images/blast/101323.jpg
dup_0155,3,False,False,train;test,blast,test,blast,106276.jpg,datasets/paddy-disease-classification/train_images/blast/106276.jpg
dup_0156,2,False,False,train;test,blast,train,blast,101400.jpg,datasets/paddy-disease-classification/train_images/blast/101400.jpg
dup_0156,2,False,False,train;test,blast,test,blast,102739.jpg,datasets/paddy-disease-classification/train_images/blast/102739.jpg
dup_0157,3,False,False,train;test,blast,train,blast,107803.jpg,datasets/paddy-disease-classification/train_images/blast/107803.jpg
dup_0157,3,False,False,train;test,blast,train,blast,105186.jpg,datasets/paddy-disease-classification/train_images/blast/105186.jpg
dup_0157,3,False,False,train;test,blast,test,blast,110025.jpg,datasets/paddy-disease-classification/train_images/blast/110025.jpg
dup_0158,3,False,False,train;test,downy_mildew,train,downy_mildew,103682.jpg,datasets/paddy-disease-classification/train_images/downy_mildew/103682.jpg
dup_0158,3,False,False,train;test,downy_mildew,train,downy_mildew,107342.jpg,datasets/paddy-disease-classification/train_images/downy_mildew/107342.jpg
dup_0158,3,False,False,train;test,downy_mildew,test,downy_mildew,100455.jpg,datasets/paddy-disease-classification/train_images/downy_mildew/100455.jpg
dup_0159,2,False,False,train;val,dead_heart,train,dead_heart,105946.jpg,datasets/paddy-disease-classification/train_images/dead_heart/105946.jpg
dup_0159,2,False,False,train;val,dead_heart,val,dead_heart,102343.jpg,datasets/paddy-disease-classification/train_images/dead_heart/102343.jpg
dup_0160,2,False,False,train;test,downy_mildew,train,downy_mildew,108641.jpg,datasets/paddy-disease-classification/train_images/downy_mildew/108641.jpg
dup_0160,2,False,False,train;test,downy_mildew,test,downy_mildew,107310.jpg,datasets/paddy-disease-classification/train_images/downy_mildew/107310.jpg
dup_0161,2,False,False,train;val,bacterial_leaf_streak,train,bacterial_leaf_streak,108246.jpg,datasets/paddy-disease-classification/train_images/bacterial_leaf_streak/108246.jpg
dup_0161,2,False,False,train;val,bacterial_leaf_streak,val,bacterial_leaf_streak,104096.jpg,datasets/paddy-disease-classification/train_images/bacterial_leaf_streak/104096.jpg
dup_0162,2,False,False,train;val,blast,train,blast,103590.jpg,datasets/paddy-disease-classification/train_images/blast/103590.jpg
dup_0162,2,False,False,train;val,blast,val,blast,100203.jpg,datasets/paddy-disease-classification/train_images/blast/100203.jpg
dup_0163,4,False,False,train;val;test,dead_heart,train,dead_heart,109624.jpg,datasets/paddy-disease-classification/train_images/dead_heart/109624.jpg
dup_0163,4,False,False,train;val;test,dead_heart,train,dead_heart,109611.jpg,datasets/paddy-disease-classification/train_images/dead_heart/109611.jpg
dup_0163,4,False,False,train;val;test,dead_heart,val,dead_heart,103441.jpg,datasets/paddy-disease-classification/train_images/dead_heart/103441.jpg
dup_0163,4,False,False,train;val;test,dead_heart,test,dead_heart,109958.jpg,datasets/paddy-disease-classification/train_images/dead_heart/109958.jpg
dup_0164,2,False,False,train;val,brown_spot,train,brown_spot,109123.jpg,datasets/paddy-disease-classification/train_images/brown_spot/109123.jpg
dup_0164,2,False,False,train;val,brown_spot,val,brown_spot,105399.jpg,datasets/paddy-disease-classification/train_images/brown_spot/105399.jpg
dup_0165,2,False,False,train;test,brown_spot,train,brown_spot,109627.jpg,datasets/paddy-disease-classification/train_images/brown_spot/109627.jpg
dup_0165,2,False,False,train;test,brown_spot,test,brown_spot,100692.jpg,datasets/paddy-disease-classification/train_images/brown_spot/100692.jpg
dup_0166,3,False,False,train;val;test,normal,train,normal,107450.jpg,datasets/paddy-disease-classification/train_images/normal/107450.jpg
dup_0166,3,False,False,train;val;test,normal,val,normal,104218.jpg,datasets/paddy-disease-classification/train_images/normal/104218.jpg
dup_0166,3,False,False,train;val;test,normal,test,normal,105051.jpg,datasets/paddy-disease-classification/train_images/normal/105051.jpg
dup_0167,2,False,False,train;val,tungro,train,tungro,105430.jpg,datasets/paddy-disease-classification/train_images/tungro/105430.jpg
dup_0167,2,False,False,train;val,tungro,val,tungro,108492.jpg,datasets/paddy-disease-classification/train_images/tungro/108492.jpg
dup_0168,2,True,False,train;val,downy_mildew,train,downy_mildew,100017.jpg,datasets/paddy-disease-classification/train_images/downy_mildew/100017.jpg
dup_0168,2,True,False,train;val,downy_mildew,val,downy_mildew,108591.jpg,datasets/paddy-disease-classification/train_images/downy_mildew/108591.jpg
dup_0169,3,False,False,train;val,blast,train,blast,103211.jpg,datasets/paddy-disease-classification/train_images/blast/103211.jpg
dup_0169,3,False,False,train;val,blast,train,blast,101424.jpg,datasets/paddy-disease-classification/train_images/blast/101424.jpg
dup_0169,3,False,False,train;val,blast,val,blast,101294.jpg,datasets/paddy-disease-classification/train_images/blast/101294.jpg
dup_0170,3,False,False,train;test,normal,train,normal,105841.jpg,datasets/paddy-disease-classification/train_images/normal/105841.jpg
dup_0170,3,False,False,train;test,normal,train,normal,101613.jpg,datasets/paddy-disease-classification/train_images/normal/101613.jpg
dup_0170,3,False,False,train;test,normal,test,normal,104544.jpg,datasets/paddy-disease-classification/train_images/normal/104544.jpg
dup_0171,2,False,False,train;val,bacterial_leaf_streak,train,bacterial_leaf_streak,103217.jpg,datasets/paddy-disease-classification/train_images/bacterial_leaf_streak/103217.jpg
dup_0171,2,False,False,train;val,bacterial_leaf_streak,val,bacterial_leaf_streak,104797.jpg,datasets/paddy-disease-classification/train_images/bacterial_leaf_streak/104797.jpg
dup_0172,4,False,False,train;test,dead_heart,train,dead_heart,105504.jpg,datasets/paddy-disease-classification/train_images/dead_heart/105504.jpg
dup_0172,4,False,False,train;test,dead_heart,train,dead_heart,106164.jpg,datasets/paddy-disease-classification/train_images/dead_heart/106164.jpg
dup_0172,4,False,False,train;test,dead_heart,test,dead_heart,105218.jpg,datasets/paddy-disease-classification/train_images/dead_heart/105218.jpg
dup_0172,4,False,False,train;test,dead_heart,test,dead_heart,101329.jpg,datasets/paddy-disease-classification/train_images/dead_heart/101329.jpg
dup_0173,2,False,False,train;test,tungro,train,tungro,110336.jpg,datasets/paddy-disease-classification/train_images/tungro/110336.jpg
dup_0173,2,False,False,train;test,tungro,test,tungro,105437.jpg,datasets/paddy-disease-classification/train_images/tungro/105437.jpg
dup_0174,3,False,False,train;test,blast,train,blast,105196.jpg,datasets/paddy-disease-classification/train_images/blast/105196.jpg
dup_0174,3,False,False,train;test,blast,train,blast,100476.jpg,datasets/paddy-disease-classification/train_images/blast/100476.jpg
dup_0174,3,False,False,train;test,blast,test,blast,100012.jpg,datasets/paddy-disease-classification/train_images/blast/100012.jpg
dup_0175,9,False,False,train;val;test,dead_heart,train,dead_heart,102953.jpg,datasets/paddy-disease-classification/train_images/dead_heart/102953.jpg
dup_0175,9,False,False,train;val;test,dead_heart,train,dead_heart,105667.jpg,datasets/paddy-disease-classification/train_images/dead_heart/105667.jpg
dup_0175,9,False,False,train;val;test,dead_heart,train,dead_heart,108454.jpg,datasets/paddy-disease-classification/train_images/dead_heart/108454.jpg
dup_0175,9,False,False,train;val;test,dead_heart,train,dead_heart,101952.jpg,datasets/paddy-disease-classification/train_images/dead_heart/101952.jpg
dup_0175,9,False,False,train;val;test,dead_heart,train,dead_heart,101443.jpg,datasets/paddy-disease-classification/train_images/dead_heart/101443.jpg
dup_0175,9,False,False,train;val;test,dead_heart,val,dead_heart,107929.jpg,datasets/paddy-disease-classification/train_images/dead_heart/107929.jpg
dup_0175,9,False,False,train;val;test,dead_heart,val,dead_heart,102097.jpg,datasets/paddy-disease-classification/train_images/dead_heart/102097.jpg
dup_0175,9,False,False,train;val;test,dead_heart,test,dead_heart,108826.jpg,datasets/paddy-disease-classification/train_images/dead_heart/108826.jpg
dup_0175,9,False,False,train;val;test,dead_heart,test,dead_heart,101297.jpg,datasets/paddy-disease-classification/train_images/dead_heart/101297.jpg
dup_0176,2,True,False,train;test,brown_spot,train,brown_spot,109494.jpg,datasets/paddy-disease-classification/train_images/brown_spot/109494.jpg
dup_0176,2,True,False,train;test,brown_spot,test,brown_spot,106860.jpg,datasets/paddy-disease-classification/train_images/brown_spot/106860.jpg
dup_0177,2,False,False,train;test,brown_spot,train,brown_spot,100078.jpg,datasets/paddy-disease-classification/train_images/brown_spot/100078.jpg
dup_0177,2,False,False,train;test,brown_spot,test,brown_spot,105868.jpg,datasets/paddy-disease-classification/train_images/brown_spot/105868.jpg
dup_0178,2,False,False,train;val,normal,train,normal,103904.jpg,datasets/paddy-disease-classification/train_images/normal/103904.jpg
dup_0178,2,False,False,train;val,normal,val,normal,100189.jpg,datasets/paddy-disease-classification/train_images/normal/100189.jpg
dup_0179,3,False,False,train;val,brown_spot,train,brown_spot,104353.jpg,datasets/paddy-disease-classification/train_images/brown_spot/104353.jpg
dup_0179,3,False,False,train;val,brown_spot,train,brown_spot,109273.jpg,datasets/paddy-disease-classification/train_images/brown_spot/109273.jpg
dup_0179,3,False,False,train;val,brown_spot,val,brown_spot,101273.jpg,datasets/paddy-disease-classification/train_images/brown_spot/101273.jpg
dup_0180,3,False,False,train;val,downy_mildew,train,downy_mildew,109702.jpg,datasets/paddy-disease-classification/train_images/downy_mildew/109702.jpg
dup_0180,3,False,False,train;val,downy_mildew,train,downy_mildew,105749.jpg,datasets/paddy-disease-classification/train_images/downy_mildew/105749.jpg
dup_0180,3,False,False,train;val,downy_mildew,val,downy_mildew,102833.jpg,datasets/paddy-disease-classification/train_images/downy_mildew/102833.jpg
dup_0181,3,False,False,train;test,blast,train,blast,105038.jpg,datasets/paddy-disease-classification/train_images/blast/105038.jpg
dup_0181,3,False,False,train;test,blast,train,blast,109773.jpg,datasets/paddy-disease-classification/train_images/blast/109773.jpg
dup_0181,3,False,False,train;test,blast,test,blast,103907.jpg,datasets/paddy-disease-classification/train_images/blast/103907.jpg
dup_0182,2,True,False,train;val,normal,train,normal,102598.jpg,datasets/paddy-disease-classification/train_images/normal/102598.jpg
dup_0182,2,True,False,train;val,normal,val,normal,107385.jpg,datasets/paddy-disease-classification/train_images/normal/107385.jpg
dup_0183,2,False,False,train;test,tungro,train,tungro,107042.jpg,datasets/paddy-disease-classification/train_images/tungro/107042.jpg
dup_0183,2,False,False,train;test,tungro,test,tungro,100660.jpg,datasets/paddy-disease-classification/train_images/tungro/100660.jpg
dup_0184,3,False,True,train;test,hispa;tungro,train,hispa,108004.jpg,datasets/paddy-disease-classification/train_images/hispa/108004.jpg
dup_0184,3,False,True,train;test,hispa;tungro,train,tungro,110108.jpg,datasets/paddy-disease-classification/train_images/tungro/110108.jpg
dup_0184,3,False,True,train;test,hispa;tungro,test,hispa,104064.jpg,datasets/paddy-disease-classification/train_images/hispa/104064.jpg
dup_0185,2,False,False,train;val,tungro,train,tungro,105563.jpg,datasets/paddy-disease-classification/train_images/tungro/105563.jpg
dup_0185,2,False,False,train;val,tungro,val,tungro,109181.jpg,datasets/paddy-disease-classification/train_images/tungro/109181.jpg
dup_0186,3,False,False,train;val;test,normal,train,normal,100171.jpg,datasets/paddy-disease-classification/train_images/normal/100171.jpg
dup_0186,3,False,False,train;val;test,normal,val,normal,109842.jpg,datasets/paddy-disease-classification/train_images/normal/109842.jpg
dup_0186,3,False,False,train;val;test,normal,test,normal,109478.jpg,datasets/paddy-disease-classification/train_images/normal/109478.jpg
dup_0187,2,False,False,train;test,bacterial_panicle_blight,train,bacterial_panicle_blight,110376.jpg,datasets/paddy-disease-classification/train_images/bacterial_panicle_blight/110376.jpg
dup_0187,2,False,False,train;test,bacterial_panicle_blight,test,bacterial_panicle_blight,107358.jpg,datasets/paddy-disease-classification/train_images/bacterial_panicle_blight/107358.jpg
dup_0188,3,False,False,train;test,tungro,train,tungro,108128.jpg,datasets/paddy-disease-classification/train_images/tungro/108128.jpg
dup_0188,3,False,False,train;test,tungro,train,tungro,108928.jpg,datasets/paddy-disease-classification/train_images/tungro/108928.jpg
dup_0188,3,False,False,train;test,tungro,test,tungro,109436.jpg,datasets/paddy-disease-classification/train_images/tungro/109436.jpg
dup_0189,2,False,False,train;val,bacterial_leaf_streak,train,bacterial_leaf_streak,104032.jpg,datasets/paddy-disease-classification/train_images/bacterial_leaf_streak/104032.jpg
dup_0189,2,False,False,train;val,bacterial_leaf_streak,val,bacterial_leaf_streak,107828.jpg,datasets/paddy-disease-classification/train_images/bacterial_leaf_streak/107828.jpg
dup_0190,2,False,False,train;test,dead_heart,train,dead_heart,108540.jpg,datasets/paddy-disease-classification/train_images/dead_heart/108540.jpg
dup_0190,2,False,False,train;test,dead_heart,test,dead_heart,101375.jpg,datasets/paddy-disease-classification/train_images/dead_heart/101375.jpg
dup_0191,3,False,False,train;val,hispa,train,hispa,107244.jpg,datasets/paddy-disease-classification/train_images/hispa/107244.jpg
dup_0191,3,False,False,train;val,hispa,train,hispa,109886.jpg,datasets/paddy-disease-classification/train_images/hispa/109886.jpg
dup_0191,3,False,False,train;val,hispa,val,hispa,106077.jpg,datasets/paddy-disease-classification/train_images/hispa/106077.jpg
dup_0192,2,False,False,train;test,hispa,train,hispa,104723.jpg,datasets/paddy-disease-classification/train_images/hispa/104723.jpg
dup_0192,2,False,False,train;test,hispa,test,hispa,107035.jpg,datasets/paddy-disease-classification/train_images/hispa/107035.jpg
dup_0193,2,True,False,train;val,normal,train,normal,107152.jpg,datasets/paddy-disease-classification/train_images/normal/107152.jpg
dup_0193,2,True,False,train;val,normal,val,normal,106308.jpg,datasets/paddy-disease-classification/train_images/normal/106308.jpg
dup_0194,3,False,False,train;test,tungro,train,tungro,106695.jpg,datasets/paddy-disease-classification/train_images/tungro/106695.jpg
dup_0194,3,False,False,train;test,tungro,train,tungro,110365.jpg,datasets/paddy-disease-classification/train_images/tungro/110365.jpg
dup_0194,3,False,False,train;test,tungro,test,tungro,101261.jpg,datasets/paddy-disease-classification/train_images/tungro/101261.jpg
dup_0195,2,False,False,train;val,blast,train,blast,104617.jpg,datasets/paddy-disease-classification/train_images/blast/104617.jpg
dup_0195,2,False,False,train;val,blast,val,blast,106620.jpg,datasets/paddy-disease-classification/train_images/blast/106620.jpg
dup_0196,3,False,False,train;val;test,bacterial_leaf_streak,train,bacterial_leaf_streak,108019.jpg,datasets/paddy-disease-classification/train_images/bacterial_leaf_streak/108019.jpg
dup_0196,3,False,False,train;val;test,bacterial_leaf_streak,val,bacterial_leaf_streak,104391.jpg,datasets/paddy-disease-classification/train_images/bacterial_leaf_streak/104391.jpg
dup_0196,3,False,False,train;val;test,bacterial_leaf_streak,test,bacterial_leaf_streak,106019.jpg,datasets/paddy-disease-classification/train_images/bacterial_leaf_streak/106019.jpg
dup_0197,2,False,False,train;val,hispa,train,hispa,109373.jpg,datasets/paddy-disease-classification/train_images/hispa/109373.jpg
dup_0197,2,False,False,train;val,hispa,val,hispa,102160.jpg,datasets/paddy-disease-classification/train_images/hispa/102160.jpg
dup_0198,2,False,False,train;val,blast,train,blast,105411.jpg,datasets/paddy-disease-classification/train_images/blast/105411.jpg
dup_0198,2,False,False,train;val,blast,val,blast,100198.jpg,datasets/paddy-disease-classification/train_images/blast/100198.jpg
dup_0199,2,False,False,train;val,dead_heart,train,dead_heart,109438.jpg,datasets/paddy-disease-classification/train_images/dead_heart/109438.jpg
dup_0199,2,False,False,train;val,dead_heart,val,dead_heart,102654.jpg,datasets/paddy-disease-classification/train_images/dead_heart/102654.jpg
dup_0200,2,False,False,train;test,tungro,train,tungro,105223.jpg,datasets/paddy-disease-classification/train_images/tungro/105223.jpg
dup_0200,2,False,False,train;test,tungro,test,tungro,106980.jpg,datasets/paddy-disease-classification/train_images/tungro/106980.jpg
dup_0201,3,False,False,train;test,bacterial_leaf_blight,train,bacterial_leaf_blight,104017.jpg,datasets/paddy-disease-classification/train_images/bacterial_leaf_blight/104017.jpg
dup_0201,3,False,False,train;test,bacterial_leaf_blight,train,bacterial_leaf_blight,103839.jpg,datasets/paddy-disease-classification/train_images/bacterial_leaf_blight/103839.jpg
dup_0201,3,False,False,train;test,bacterial_leaf_blight,test,bacterial_leaf_blight,104430.jpg,datasets/paddy-disease-classification/train_images/bacterial_leaf_blight/104430.jpg
dup_0202,2,False,False,train;val,normal,train,normal,104958.jpg,datasets/paddy-disease-classification/train_images/normal/104958.jpg
dup_0202,2,False,False,train;val,normal,val,normal,109319.jpg,datasets/paddy-disease-classification/train_images/normal/109319.jpg
dup_0203,2,False,False,train;test,blast,train,blast,105136.jpg,datasets/paddy-disease-classification/train_images/blast/105136.jpg
dup_0203,2,False,False,train;test,blast,test,blast,101447.jpg,datasets/paddy-disease-classification/train_images/blast/101447.jpg
dup_0204,2,False,False,train;test,dead_heart,train,dead_heart,100798.jpg,datasets/paddy-disease-classification/train_images/dead_heart/100798.jpg
dup_0204,2,False,False,train;test,dead_heart,test,dead_heart,100087.jpg,datasets/paddy-disease-classification/train_images/dead_heart/100087.jpg
dup_0205,2,False,False,train;val,tungro,train,tungro,103562.jpg,datasets/paddy-disease-classification/train_images/tungro/103562.jpg
dup_0205,2,False,False,train;val,tungro,val,tungro,109571.jpg,datasets/paddy-disease-classification/train_images/tungro/109571.jpg
dup_0206,2,False,False,train;val,blast,train,blast,109529.jpg,datasets/paddy-disease-classification/train_images/blast/109529.jpg
dup_0206,2,False,False,train;val,blast,val,blast,105552.jpg,datasets/paddy-disease-classification/train_images/blast/105552.jpg
dup_0207,2,False,False,train;test,downy_mildew,train,downy_mildew,104756.jpg,datasets/paddy-disease-classification/train_images/downy_mildew/104756.jpg
dup_0207,2,False,False,train;test,downy_mildew,test,downy_mildew,110231.jpg,datasets/paddy-disease-classification/train_images/downy_mildew/110231.jpg
dup_0208,4,False,False,train;val,normal,train,normal,101633.jpg,datasets/paddy-disease-classification/train_images/normal/101633.jpg
dup_0208,4,False,False,train;val,normal,train,normal,106143.jpg,datasets/paddy-disease-classification/train_images/normal/106143.jpg
dup_0208,4,False,False,train;val,normal,train,normal,101311.jpg,datasets/paddy-disease-classification/train_images/normal/101311.jpg
dup_0208,4,False,False,train;val,normal,val,normal,105856.jpg,datasets/paddy-disease-classification/train_images/normal/105856.jpg
dup_0209,2,False,False,train;val,blast,train,blast,102090.jpg,datasets/paddy-disease-classification/train_images/blast/102090.jpg
dup_0209,2,False,False,train;val,blast,val,blast,109134.jpg,datasets/paddy-disease-classification/train_images/blast/109134.jpg
dup_0210,2,False,False,train;test,tungro,train,tungro,101764.jpg,datasets/paddy-disease-classification/train_images/tungro/101764.jpg
dup_0210,2,False,False,train;test,tungro,test,tungro,108204.jpg,datasets/paddy-disease-classification/train_images/tungro/108204.jpg
dup_0211,5,False,False,train;val;test,bacterial_leaf_streak,train,bacterial_leaf_streak,104005.jpg,datasets/paddy-disease-classification/train_images/bacterial_leaf_streak/104005.jpg
dup_0211,5,False,False,train;val;test,bacterial_leaf_streak,train,bacterial_leaf_streak,104487.jpg,datasets/paddy-disease-classification/train_images/bacterial_leaf_streak/104487.jpg
dup_0211,5,False,False,train;val;test,bacterial_leaf_streak,train,bacterial_leaf_streak,109474.jpg,datasets/paddy-disease-classification/train_images/bacterial_leaf_streak/109474.jpg
dup_0211,5,False,False,train;val;test,bacterial_leaf_streak,val,bacterial_leaf_streak,104724.jpg,datasets/paddy-disease-classification/train_images/bacterial_leaf_streak/104724.jpg
dup_0211,5,False,False,train;val;test,bacterial_leaf_streak,test,bacterial_leaf_streak,100327.jpg,datasets/paddy-disease-classification/train_images/bacterial_leaf_streak/100327.jpg
dup_0212,2,False,False,train;test,hispa,train,hispa,103185.jpg,datasets/paddy-disease-classification/train_images/hispa/103185.jpg
dup_0212,2,False,False,train;test,hispa,test,hispa,108563.jpg,datasets/paddy-disease-classification/train_images/hispa/108563.jpg
dup_0213,2,False,False,train;test,normal,train,normal,102543.jpg,datasets/paddy-disease-classification/train_images/normal/102543.jpg
dup_0213,2,False,False,train;test,normal,test,normal,104820.jpg,datasets/paddy-disease-classification/train_images/normal/104820.jpg
dup_0214,4,False,False,train;test,bacterial_leaf_streak,train,bacterial_leaf_streak,106379.jpg,datasets/paddy-disease-classification/train_images/bacterial_leaf_streak/106379.jpg
dup_0214,4,False,False,train;test,bacterial_leaf_streak,train,bacterial_leaf_streak,104447.jpg,datasets/paddy-disease-classification/train_images/bacterial_leaf_streak/104447.jpg
dup_0214,4,False,False,train;test,bacterial_leaf_streak,train,bacterial_leaf_streak,105219.jpg,datasets/paddy-disease-classification/train_images/bacterial_leaf_streak/105219.jpg
dup_0214,4,False,False,train;test,bacterial_leaf_streak,test,bacterial_leaf_streak,102671.jpg,datasets/paddy-disease-classification/train_images/bacterial_leaf_streak/102671.jpg
dup_0215,3,False,False,train;val,hispa,train,hispa,100918.jpg,datasets/paddy-disease-classification/train_images/hispa/100918.jpg
dup_0215,3,False,False,train;val,hispa,train,hispa,102051.jpg,datasets/paddy-disease-classification/train_images/hispa/102051.jpg
dup_0215,3,False,False,train;val,hispa,val,hispa,100867.jpg,datasets/paddy-disease-classification/train_images/hispa/100867.jpg
dup_0216,2,False,False,train;val,blast,train,blast,106067.jpg,datasets/paddy-disease-classification/train_images/blast/106067.jpg
dup_0216,2,False,False,train;val,blast,val,blast,105925.jpg,datasets/paddy-disease-classification/train_images/blast/105925.jpg
dup_0217,3,False,False,train;val,bacterial_leaf_streak,train,bacterial_leaf_streak,107892.jpg,datasets/paddy-disease-classification/train_images/bacterial_leaf_streak/107892.jpg
dup_0217,3,False,False,train;val,bacterial_leaf_streak,train,bacterial_leaf_streak,107982.jpg,datasets/paddy-disease-classification/train_images/bacterial_leaf_streak/107982.jpg
dup_0217,3,False,False,train;val,bacterial_leaf_streak,val,bacterial_leaf_streak,101422.jpg,datasets/paddy-disease-classification/train_images/bacterial_leaf_streak/101422.jpg
dup_0218,5,False,False,train;test,downy_mildew,train,downy_mildew,102151.jpg,datasets/paddy-disease-classification/train_images/downy_mildew/102151.jpg
dup_0218,5,False,False,train;test,downy_mildew,train,downy_mildew,106915.jpg,datasets/paddy-disease-classification/train_images/downy_mildew/106915.jpg
dup_0218,5,False,False,train;test,downy_mildew,train,downy_mildew,101621.jpg,datasets/paddy-disease-classification/train_images/downy_mildew/101621.jpg
dup_0218,5,False,False,train;test,downy_mildew,test,downy_mildew,100724.jpg,datasets/paddy-disease-classification/train_images/downy_mildew/100724.jpg
dup_0218,5,False,False,train;test,downy_mildew,test,downy_mildew,103520.jpg,datasets/paddy-disease-classification/train_images/downy_mildew/103520.jpg
dup_0219,2,False,False,train;test,brown_spot,train,brown_spot,104093.jpg,datasets/paddy-disease-classification/train_images/brown_spot/104093.jpg
dup_0219,2,False,False,train;test,brown_spot,test,brown_spot,107457.jpg,datasets/paddy-disease-classification/train_images/brown_spot/107457.jpg
dup_0220,2,True,False,train;val,blast,train,blast,101343.jpg,datasets/paddy-disease-classification/train_images/blast/101343.jpg
dup_0220,2,True,False,train;val,blast,val,blast,105840.jpg,datasets/paddy-disease-classification/train_images/blast/105840.jpg
dup_0221,3,False,False,train;test,dead_heart,train,dead_heart,100833.jpg,datasets/paddy-disease-classification/train_images/dead_heart/100833.jpg
dup_0221,3,False,False,train;test,dead_heart,train,dead_heart,100425.jpg,datasets/paddy-disease-classification/train_images/dead_heart/100425.jpg
dup_0221,3,False,False,train;test,dead_heart,test,dead_heart,107367.jpg,datasets/paddy-disease-classification/train_images/dead_heart/107367.jpg
dup_0222,3,False,False,train;test,normal,train,normal,109957.jpg,datasets/paddy-disease-classification/train_images/normal/109957.jpg
dup_0222,3,False,False,train;test,normal,test,normal,103192.jpg,datasets/paddy-disease-classification/train_images/normal/103192.jpg
dup_0222,3,False,False,train;test,normal,test,normal,107280.jpg,datasets/paddy-disease-classification/train_images/normal/107280.jpg
dup_0223,2,False,False,train;val,downy_mildew,train,downy_mildew,101907.jpg,datasets/paddy-disease-classification/train_images/downy_mildew/101907.jpg
dup_0223,2,False,False,train;val,downy_mildew,val,downy_mildew,101258.jpg,datasets/paddy-disease-classification/train_images/downy_mildew/101258.jpg
dup_0224,2,False,False,train;val,tungro,train,tungro,101784.jpg,datasets/paddy-disease-classification/train_images/tungro/101784.jpg
dup_0224,2,False,False,train;val,tungro,val,tungro,106247.jpg,datasets/paddy-disease-classification/train_images/tungro/106247.jpg
dup_0225,2,False,False,train;test,hispa,train,hispa,105634.jpg,datasets/paddy-disease-classification/train_images/hispa/105634.jpg
dup_0225,2,False,False,train;test,hispa,test,hispa,101862.jpg,datasets/paddy-disease-classification/train_images/hispa/101862.jpg
dup_0226,3,False,False,train;val,blast,train,blast,100753.jpg,datasets/paddy-disease-classification/train_images/blast/100753.jpg
dup_0226,3,False,False,train;val,blast,train,blast,109307.jpg,datasets/paddy-disease-classification/train_images/blast/109307.jpg
dup_0226,3,False,False,train;val,blast,val,blast,106653.jpg,datasets/paddy-disease-classification/train_images/blast/106653.jpg
dup_0227,3,False,False,train;test,tungro,train,tungro,102042.jpg,datasets/paddy-disease-classification/train_images/tungro/102042.jpg
dup_0227,3,False,False,train;test,tungro,train,tungro,100830.jpg,datasets/paddy-disease-classification/train_images/tungro/100830.jpg
dup_0227,3,False,False,train;test,tungro,test,tungro,100886.jpg,datasets/paddy-disease-classification/train_images/tungro/100886.jpg
dup_0228,2,False,False,train;test,brown_spot,train,brown_spot,104603.jpg,datasets/paddy-disease-classification/train_images/brown_spot/104603.jpg
dup_0228,2,False,False,train;test,brown_spot,test,brown_spot,109337.jpg,datasets/paddy-disease-classification/train_images/brown_spot/109337.jpg
dup_0229,3,False,False,train;val,hispa,train,hispa,104985.jpg,datasets/paddy-disease-classification/train_images/hispa/104985.jpg
dup_0229,3,False,False,train;val,hispa,train,hispa,103706.jpg,datasets/paddy-disease-classification/train_images/hispa/103706.jpg
dup_0229,3,False,False,train;val,hispa,val,hispa,102983.jpg,datasets/paddy-disease-classification/train_images/hispa/102983.jpg
dup_0230,3,False,False,train;test,downy_mildew,train,downy_mildew,107883.jpg,datasets/paddy-disease-classification/train_images/downy_mildew/107883.jpg
dup_0230,3,False,False,train;test,downy_mildew,train,downy_mildew,104202.jpg,datasets/paddy-disease-classification/train_images/downy_mildew/104202.jpg
dup_0230,3,False,False,train;test,downy_mildew,test,downy_mildew,110230.jpg,datasets/paddy-disease-classification/train_images/downy_mildew/110230.jpg
dup_0231,2,False,False,train;val,bacterial_leaf_blight,train,bacterial_leaf_blight,102475.jpg,datasets/paddy-disease-classification/train_images/bacterial_leaf_blight/102475.jpg
dup_0231,2,False,False,train;val,bacterial_leaf_blight,val,bacterial_leaf_blight,105486.jpg,datasets/paddy-disease-classification/train_images/bacterial_leaf_blight/105486.jpg
dup_0232,2,True,False,train;test,normal,train,normal,109156.jpg,datasets/paddy-disease-classification/train_images/normal/109156.jpg
dup_0232,2,True,False,train;test,normal,test,normal,101562.jpg,datasets/paddy-disease-classification/train_images/normal/101562.jpg
dup_0233,3,True,False,train;val,brown_spot,train,brown_spot,106948.jpg,datasets/paddy-disease-classification/train_images/brown_spot/106948.jpg
dup_0233,3,True,False,train;val,brown_spot,val,brown_spot,106204.jpg,datasets/paddy-disease-classification/train_images/brown_spot/106204.jpg
dup_0233,3,True,False,train;val,brown_spot,val,brown_spot,105169.jpg,datasets/paddy-disease-classification/train_images/brown_spot/105169.jpg
dup_0234,3,False,False,train;test,hispa,train,hispa,105225.jpg,datasets/paddy-disease-classification/train_images/hispa/105225.jpg
dup_0234,3,False,False,train;test,hispa,test,hispa,101893.jpg,datasets/paddy-disease-classification/train_images/hispa/101893.jpg
dup_0234,3,False,False,train;test,hispa,test,hispa,101193.jpg,datasets/paddy-disease-classification/train_images/hispa/101193.jpg
dup_0235,2,False,False,train;val,dead_heart,train,dead_heart,107744.jpg,datasets/paddy-disease-classification/train_images/dead_heart/107744.jpg
dup_0235,2,False,False,train;val,dead_heart,val,dead_heart,108646.jpg,datasets/paddy-disease-classification/train_images/dead_heart/108646.jpg
dup_0236,2,False,False,train;test,hispa,train,hispa,104662.jpg,datasets/paddy-disease-classification/train_images/hispa/104662.jpg
dup_0236,2,False,False,train;test,hispa,test,hispa,106036.jpg,datasets/paddy-disease-classification/train_images/hispa/106036.jpg
dup_0237,2,False,False,train;test,dead_heart,train,dead_heart,107016.jpg,datasets/paddy-disease-classification/train_images/dead_heart/107016.jpg
dup_0237,2,False,False,train;test,dead_heart,test,dead_heart,105572.jpg,datasets/paddy-disease-classification/train_images/dead_heart/105572.jpg
dup_0238,3,False,False,train;val;test,blast,train,blast,101309.jpg,datasets/paddy-disease-classification/train_images/blast/101309.jpg
dup_0238,3,False,False,train;val;test,blast,val,blast,103970.jpg,datasets/paddy-disease-classification/train_images/blast/103970.jpg
dup_0238,3,False,False,train;val;test,blast,test,blast,104757.jpg,datasets/paddy-disease-classification/train_images/blast/104757.jpg
dup_0239,5,False,False,train;val;test,downy_mildew,train,downy_mildew,110323.jpg,datasets/paddy-disease-classification/train_images/downy_mildew/110323.jpg
dup_0239,5,False,False,train;val;test,downy_mildew,train,downy_mildew,101669.jpg,datasets/paddy-disease-classification/train_images/downy_mildew/101669.jpg
dup_0239,5,False,False,train;val;test,downy_mildew,train,downy_mildew,109000.jpg,datasets/paddy-disease-classification/train_images/downy_mildew/109000.jpg
dup_0239,5,False,False,train;val;test,downy_mildew,val,downy_mildew,109486.jpg,datasets/paddy-disease-classification/train_images/downy_mildew/109486.jpg
dup_0239,5,False,False,train;val;test,downy_mildew,test,downy_mildew,105391.jpg,datasets/paddy-disease-classification/train_images/downy_mildew/105391.jpg
dup_0240,2,False,False,train;val,normal,train,normal,109480.jpg,datasets/paddy-disease-classification/train_images/normal/109480.jpg
dup_0240,2,False,False,train;val,normal,val,normal,108503.jpg,datasets/paddy-disease-classification/train_images/normal/108503.jpg
dup_0241,2,False,False,train;test,brown_spot,train,brown_spot,100595.jpg,datasets/paddy-disease-classification/train_images/brown_spot/100595.jpg
dup_0241,2,False,False,train;test,brown_spot,test,brown_spot,108214.jpg,datasets/paddy-disease-classification/train_images/brown_spot/108214.jpg
dup_0242,2,False,False,train;val,brown_spot,train,brown_spot,104161.jpg,datasets/paddy-disease-classification/train_images/brown_spot/104161.jpg
dup_0242,2,False,False,train;val,brown_spot,val,brown_spot,109299.jpg,datasets/paddy-disease-classification/train_images/brown_spot/109299.jpg
dup_0243,2,False,False,train;val,hispa,train,hispa,102968.jpg,datasets/paddy-disease-classification/train_images/hispa/102968.jpg
dup_0243,2,False,False,train;val,hispa,val,hispa,110184.jpg,datasets/paddy-disease-classification/train_images/hispa/110184.jpg
dup_0244,3,False,False,train;test,hispa,train,hispa,108251.jpg,datasets/paddy-disease-classification/train_images/hispa/108251.jpg
dup_0244,3,False,False,train;test,hispa,train,hispa,102297.jpg,datasets/paddy-disease-classification/train_images/hispa/102297.jpg
dup_0244,3,False,False,train;test,hispa,test,hispa,105674.jpg,datasets/paddy-disease-classification/train_images/hispa/105674.jpg
dup_0245,3,False,False,train;val,downy_mildew,train,downy_mildew,101114.jpg,datasets/paddy-disease-classification/train_images/downy_mildew/101114.jpg
dup_0245,3,False,False,train;val,downy_mildew,train,downy_mildew,102487.jpg,datasets/paddy-disease-classification/train_images/downy_mildew/102487.jpg
dup_0245,3,False,False,train;val,downy_mildew,val,downy_mildew,108413.jpg,datasets/paddy-disease-classification/train_images/downy_mildew/108413.jpg
dup_0246,2,False,False,train;test,blast,train,blast,102070.jpg,datasets/paddy-disease-classification/train_images/blast/102070.jpg
dup_0246,2,False,False,train;test,blast,test,blast,105352.jpg,datasets/paddy-disease-classification/train_images/blast/105352.jpg
dup_0247,4,False,False,train;val;test,blast,train,blast,103421.jpg,datasets/paddy-disease-classification/train_images/blast/103421.jpg
dup_0247,4,False,False,train;val;test,blast,train,blast,102881.jpg,datasets/paddy-disease-classification/train_images/blast/102881.jpg
dup_0247,4,False,False,train;val;test,blast,val,blast,103350.jpg,datasets/paddy-disease-classification/train_images/blast/103350.jpg
dup_0247,4,False,False,train;val;test,blast,test,blast,101910.jpg,datasets/paddy-disease-classification/train_images/blast/101910.jpg
dup_0248,2,False,False,train;test,bacterial_leaf_blight,train,bacterial_leaf_blight,104324.jpg,datasets/paddy-disease-classification/train_images/bacterial_leaf_blight/104324.jpg
dup_0248,2,False,False,train;test,bacterial_leaf_blight,test,bacterial_leaf_blight,103357.jpg,datasets/paddy-disease-classification/train_images/bacterial_leaf_blight/103357.jpg
dup_0249,3,False,False,train;test,normal,train,normal,108701.jpg,datasets/paddy-disease-classification/train_images/normal/108701.jpg
dup_0249,3,False,False,train;test,normal,train,normal,108188.jpg,datasets/paddy-disease-classification/train_images/normal/108188.jpg
dup_0249,3,False,False,train;test,normal,test,normal,109051.jpg,datasets/paddy-disease-classification/train_images/normal/109051.jpg
dup_0250,2,False,False,train;test,hispa,train,hispa,102211.jpg,datasets/paddy-disease-classification/train_images/hispa/102211.jpg
dup_0250,2,False,False,train;test,hispa,test,hispa,106210.jpg,datasets/paddy-disease-classification/train_images/hispa/106210.jpg
dup_0251,3,False,False,train;val,hispa,train,hispa,103176.jpg,datasets/paddy-disease-classification/train_images/hispa/103176.jpg
dup_0251,3,False,False,train;val,hispa,train,hispa,104877.jpg,datasets/paddy-disease-classification/train_images/hispa/104877.jpg
dup_0251,3,False,False,train;val,hispa,val,hispa,109769.jpg,datasets/paddy-disease-classification/train_images/hispa/109769.jpg
dup_0252,3,False,False,train;val,normal,train,normal,109336.jpg,datasets/paddy-disease-classification/train_images/normal/109336.jpg
dup_0252,3,False,False,train;val,normal,train,normal,104546.jpg,datasets/paddy-disease-classification/train_images/normal/104546.jpg
dup_0252,3,False,False,train;val,normal,val,normal,101667.jpg,datasets/paddy-disease-classification/train_images/normal/101667.jpg
dup_0253,2,False,False,train;test,blast,train,blast,101554.jpg,datasets/paddy-disease-classification/train_images/blast/101554.jpg
dup_0253,2,False,False,train;test,blast,test,blast,100556.jpg,datasets/paddy-disease-classification/train_images/blast/100556.jpg
dup_0254,3,False,False,train;val,bacterial_leaf_blight,train,bacterial_leaf_blight,108102.jpg,datasets/paddy-disease-classification/train_images/bacterial_leaf_blight/108102.jpg
dup_0254,3,False,False,train;val,bacterial_leaf_blight,train,bacterial_leaf_blight,102935.jpg,datasets/paddy-disease-classification/train_images/bacterial_leaf_blight/102935.jpg
dup_0254,3,False,False,train;val,bacterial_leaf_blight,val,bacterial_leaf_blight,103177.jpg,datasets/paddy-disease-classification/train_images/bacterial_leaf_blight/103177.jpg
dup_0255,7,False,False,train;val;test,bacterial_leaf_streak,train,bacterial_leaf_streak,103307.jpg,datasets/paddy-disease-classification/train_images/bacterial_leaf_streak/103307.jpg
dup_0255,7,False,False,train;val;test,bacterial_leaf_streak,train,bacterial_leaf_streak,105302.jpg,datasets/paddy-disease-classification/train_images/bacterial_leaf_streak/105302.jpg
dup_0255,7,False,False,train;val;test,bacterial_leaf_streak,train,bacterial_leaf_streak,101874.jpg,datasets/paddy-disease-classification/train_images/bacterial_leaf_streak/101874.jpg
dup_0255,7,False,False,train;val;test,bacterial_leaf_streak,train,bacterial_leaf_streak,107409.jpg,datasets/paddy-disease-classification/train_images/bacterial_leaf_streak/107409.jpg
dup_0255,7,False,False,train;val;test,bacterial_leaf_streak,val,bacterial_leaf_streak,104621.jpg,datasets/paddy-disease-classification/train_images/bacterial_leaf_streak/104621.jpg
dup_0255,7,False,False,train;val;test,bacterial_leaf_streak,test,bacterial_leaf_streak,107736.jpg,datasets/paddy-disease-classification/train_images/bacterial_leaf_streak/107736.jpg
dup_0255,7,False,False,train;val;test,bacterial_leaf_streak,test,bacterial_leaf_streak,105297.jpg,datasets/paddy-disease-classification/train_images/bacterial_leaf_streak/105297.jpg
dup_0256,3,False,False,train;test,tungro,train,tungro,109660.jpg,datasets/paddy-disease-classification/train_images/tungro/109660.jpg
dup_0256,3,False,False,train;test,tungro,train,tungro,102633.jpg,datasets/paddy-disease-classification/train_images/tungro/102633.jpg
dup_0256,3,False,False,train;test,tungro,test,tungro,110058.jpg,datasets/paddy-disease-classification/train_images/tungro/110058.jpg
dup_0257,2,False,False,train;test,bacterial_leaf_blight,train,bacterial_leaf_blight,106419.jpg,datasets/paddy-disease-classification/train_images/bacterial_leaf_blight/106419.jpg
dup_0257,2,False,False,train;test,bacterial_leaf_blight,test,bacterial_leaf_blight,101428.jpg,datasets/paddy-disease-classification/train_images/bacterial_leaf_blight/101428.jpg
dup_0258,2,False,False,train;test,normal,train,normal,107924.jpg,datasets/paddy-disease-classification/train_images/normal/107924.jpg
dup_0258,2,False,False,train;test,normal,test,normal,102182.jpg,datasets/paddy-disease-classification/train_images/normal/102182.jpg
dup_0259,2,False,False,train;test,downy_mildew,train,downy_mildew,104568.jpg,datasets/paddy-disease-classification/train_images/downy_mildew/104568.jpg
dup_0259,2,False,False,train;test,downy_mildew,test,downy_mildew,109014.jpg,datasets/paddy-disease-classification/train_images/downy_mildew/109014.jpg
dup_0260,3,False,False,train;val,normal,train,normal,105134.jpg,datasets/paddy-disease-classification/train_images/normal/105134.jpg
dup_0260,3,False,False,train;val,normal,train,normal,105343.jpg,datasets/paddy-disease-classification/train_images/normal/105343.jpg
dup_0260,3,False,False,train;val,normal,val,normal,106032.jpg,datasets/paddy-disease-classification/train_images/normal/106032.jpg
dup_0261,2,False,False,train;test,blast,train,blast,110051.jpg,datasets/paddy-disease-classification/train_images/blast/110051.jpg
dup_0261,2,False,False,train;test,blast,test,blast,107195.jpg,datasets/paddy-disease-classification/train_images/blast/107195.jpg
dup_0262,4,False,False,train;val;test,dead_heart,train,dead_heart,105656.jpg,datasets/paddy-disease-classification/train_images/dead_heart/105656.jpg
dup_0262,4,False,False,train;val;test,dead_heart,train,dead_heart,102234.jpg,datasets/paddy-disease-classification/train_images/dead_heart/102234.jpg
dup_0262,4,False,False,train;val;test,dead_heart,val,dead_heart,102134.jpg,datasets/paddy-disease-classification/train_images/dead_heart/102134.jpg
dup_0262,4,False,False,train;val;test,dead_heart,test,dead_heart,108754.jpg,datasets/paddy-disease-classification/train_images/dead_heart/108754.jpg
dup_0263,2,False,False,train;test,dead_heart,train,dead_heart,105980.jpg,datasets/paddy-disease-classification/train_images/dead_heart/105980.jpg
dup_0263,2,False,False,train;test,dead_heart,test,dead_heart,103836.jpg,datasets/paddy-disease-classification/train_images/dead_heart/103836.jpg
dup_0264,3,True,False,train;val,dead_heart,train,dead_heart,110000.jpg,datasets/paddy-disease-classification/train_images/dead_heart/110000.jpg
dup_0264,3,True,False,train;val,dead_heart,train,dead_heart,101868.jpg,datasets/paddy-disease-classification/train_images/dead_heart/101868.jpg
dup_0264,3,True,False,train;val,dead_heart,val,dead_heart,106481.jpg,datasets/paddy-disease-classification/train_images/dead_heart/106481.jpg
dup_0265,2,False,False,train;val,brown_spot,train,brown_spot,100907.jpg,datasets/paddy-disease-classification/train_images/brown_spot/100907.jpg
dup_0265,2,False,False,train;val,brown_spot,val,brown_spot,108721.jpg,datasets/paddy-disease-classification/train_images/brown_spot/108721.jpg
dup_0266,2,False,False,train;test,hispa,train,hispa,106965.jpg,datasets/paddy-disease-classification/train_images/hispa/106965.jpg
dup_0266,2,False,False,train;test,hispa,test,hispa,101209.jpg,datasets/paddy-disease-classification/train_images/hispa/101209.jpg
dup_0267,2,False,False,train;val,normal,train,normal,104669.jpg,datasets/paddy-disease-classification/train_images/normal/104669.jpg
dup_0267,2,False,False,train;val,normal,val,normal,109433.jpg,datasets/paddy-disease-classification/train_images/normal/109433.jpg
dup_0268,2,False,False,train;val,downy_mildew,train,downy_mildew,106524.jpg,datasets/paddy-disease-classification/train_images/downy_mildew/106524.jpg
dup_0268,2,False,False,train;val,downy_mildew,val,downy_mildew,103247.jpg,datasets/paddy-disease-classification/train_images/downy_mildew/103247.jpg
dup_0269,4,False,False,train;test,brown_spot,train,brown_spot,102296.jpg,datasets/paddy-disease-classification/train_images/brown_spot/102296.jpg
dup_0269,4,False,False,train;test,brown_spot,train,brown_spot,107446.jpg,datasets/paddy-disease-classification/train_images/brown_spot/107446.jpg
dup_0269,4,False,False,train;test,brown_spot,train,brown_spot,107871.jpg,datasets/paddy-disease-classification/train_images/brown_spot/107871.jpg
dup_0269,4,False,False,train;test,brown_spot,test,brown_spot,104675.jpg,datasets/paddy-disease-classification/train_images/brown_spot/104675.jpg
dup_0270,2,False,False,train;test,blast,train,blast,102005.jpg,datasets/paddy-disease-classification/train_images/blast/102005.jpg
dup_0270,2,False,False,train;test,blast,test,blast,104516.jpg,datasets/paddy-disease-classification/train_images/blast/104516.jpg
dup_0271,4,False,False,train;test,normal,train,normal,109819.jpg,datasets/paddy-disease-classification/train_images/normal/109819.jpg
dup_0271,4,False,False,train;test,normal,train,normal,101269.jpg,datasets/paddy-disease-classification/train_images/normal/101269.jpg
dup_0271,4,False,False,train;test,normal,train,normal,107598.jpg,datasets/paddy-disease-classification/train_images/normal/107598.jpg
dup_0271,4,False,False,train;test,normal,test,normal,104656.jpg,datasets/paddy-disease-classification/train_images/normal/104656.jpg
dup_0272,2,False,False,train;val,dead_heart,train,dead_heart,103999.jpg,datasets/paddy-disease-classification/train_images/dead_heart/103999.jpg
dup_0272,2,False,False,train;val,dead_heart,val,dead_heart,108901.jpg,datasets/paddy-disease-classification/train_images/dead_heart/108901.jpg
dup_0273,2,False,False,train;val,bacterial_leaf_streak,train,bacterial_leaf_streak,104321.jpg,datasets/paddy-disease-classification/train_images/bacterial_leaf_streak/104321.jpg
dup_0273,2,False,False,train;val,bacterial_leaf_streak,val,bacterial_leaf_streak,104461.jpg,datasets/paddy-disease-classification/train_images/bacterial_leaf_streak/104461.jpg
dup_0274,2,False,False,train;val,bacterial_leaf_blight,train,bacterial_leaf_blight,102166.jpg,datasets/paddy-disease-classification/train_images/bacterial_leaf_blight/102166.jpg
dup_0274,2,False,False,train;val,bacterial_leaf_blight,val,bacterial_leaf_blight,102773.jpg,datasets/paddy-disease-classification/train_images/bacterial_leaf_blight/102773.jpg
dup_0275,2,True,False,train;test,dead_heart,train,dead_heart,103215.jpg,datasets/paddy-disease-classification/train_images/dead_heart/103215.jpg
dup_0275,2,True,False,train;test,dead_heart,test,dead_heart,104196.jpg,datasets/paddy-disease-classification/train_images/dead_heart/104196.jpg
dup_0276,2,False,False,train;val,blast,train,blast,106609.jpg,datasets/paddy-disease-classification/train_images/blast/106609.jpg
dup_0276,2,False,False,train;val,blast,val,blast,102257.jpg,datasets/paddy-disease-classification/train_images/blast/102257.jpg
dup_0277,3,False,False,train;val;test,tungro,train,tungro,106214.jpg,datasets/paddy-disease-classification/train_images/tungro/106214.jpg
dup_0277,3,False,False,train;val;test,tungro,val,tungro,105769.jpg,datasets/paddy-disease-classification/train_images/tungro/105769.jpg
dup_0277,3,False,False,train;val;test,tungro,test,tungro,101763.jpg,datasets/paddy-disease-classification/train_images/tungro/101763.jpg
dup_0278,2,False,False,train;test,tungro,train,tungro,108283.jpg,datasets/paddy-disease-classification/train_images/tungro/108283.jpg
dup_0278,2,False,False,train;test,tungro,test,tungro,107862.jpg,datasets/paddy-disease-classification/train_images/tungro/107862.jpg
dup_0279,2,False,False,train;test,tungro,train,tungro,102619.jpg,datasets/paddy-disease-classification/train_images/tungro/102619.jpg
dup_0279,2,False,False,train;test,tungro,test,tungro,104298.jpg,datasets/paddy-disease-classification/train_images/tungro/104298.jpg
dup_0280,3,False,False,train;val;test,brown_spot,train,brown_spot,102459.jpg,datasets/paddy-disease-classification/train_images/brown_spot/102459.jpg
dup_0280,3,False,False,train;val;test,brown_spot,val,brown_spot,105758.jpg,datasets/paddy-disease-classification/train_images/brown_spot/105758.jpg
dup_0280,3,False,False,train;val;test,brown_spot,test,brown_spot,106661.jpg,datasets/paddy-disease-classification/train_images/brown_spot/106661.jpg
dup_0281,3,False,False,train;val,dead_heart,train,dead_heart,109133.jpg,datasets/paddy-disease-classification/train_images/dead_heart/109133.jpg
dup_0281,3,False,False,train;val,dead_heart,train,dead_heart,106720.jpg,datasets/paddy-disease-classification/train_images/dead_heart/106720.jpg
dup_0281,3,False,False,train;val,dead_heart,val,dead_heart,107081.jpg,datasets/paddy-disease-classification/train_images/dead_heart/107081.jpg
dup_0282,3,False,False,train;val,blast,train,blast,101472.jpg,datasets/paddy-disease-classification/train_images/blast/101472.jpg
dup_0282,3,False,False,train;val,blast,val,blast,100522.jpg,datasets/paddy-disease-classification/train_images/blast/100522.jpg
dup_0282,3,False,False,train;val,blast,val,blast,108989.jpg,datasets/paddy-disease-classification/train_images/blast/108989.jpg
dup_0283,2,False,False,train;val,dead_heart,train,dead_heart,109878.jpg,datasets/paddy-disease-classification/train_images/dead_heart/109878.jpg
dup_0283,2,False,False,train;val,dead_heart,val,dead_heart,108811.jpg,datasets/paddy-disease-classification/train_images/dead_heart/108811.jpg
dup_0284,2,False,False,train;test,blast,train,blast,108225.jpg,datasets/paddy-disease-classification/train_images/blast/108225.jpg
dup_0284,2,False,False,train;test,blast,test,blast,105157.jpg,datasets/paddy-disease-classification/train_images/blast/105157.jpg
dup_0285,2,False,False,train;test,hispa,train,hispa,109786.jpg,datasets/paddy-disease-classification/train_images/hispa/109786.jpg
dup_0285,2,False,False,train;test,hispa,test,hispa,101518.jpg,datasets/paddy-disease-classification/train_images/hispa/101518.jpg
dup_0286,3,False,False,train;val,hispa,train,hispa,103857.jpg,datasets/paddy-disease-classification/train_images/hispa/103857.jpg
dup_0286,3,False,False,train;val,hispa,train,hispa,101100.jpg,datasets/paddy-disease-classification/train_images/hispa/101100.jpg
dup_0286,3,False,False,train;val,hispa,val,hispa,106507.jpg,datasets/paddy-disease-classification/train_images/hispa/106507.jpg
dup_0287,3,False,False,train;val,dead_heart,train,dead_heart,103820.jpg,datasets/paddy-disease-classification/train_images/dead_heart/103820.jpg
dup_0287,3,False,False,train;val,dead_heart,val,dead_heart,107129.jpg,datasets/paddy-disease-classification/train_images/dead_heart/107129.jpg
dup_0287,3,False,False,train;val,dead_heart,val,dead_heart,106126.jpg,datasets/paddy-disease-classification/train_images/dead_heart/106126.jpg
dup_0288,2,False,False,train;test,downy_mildew,train,downy_mildew,101221.jpg,datasets/paddy-disease-classification/train_images/downy_mildew/101221.jpg
dup_0288,2,False,False,train;test,downy_mildew,test,downy_mildew,104121.jpg,datasets/paddy-disease-classification/train_images/downy_mildew/104121.jpg
dup_0289,2,False,False,train;test,blast,train,blast,103819.jpg,datasets/paddy-disease-classification/train_images/blast/103819.jpg
dup_0289,2,False,False,train;test,blast,test,blast,107799.jpg,datasets/paddy-disease-classification/train_images/blast/107799.jpg
dup_0290,2,False,False,train;val,dead_heart,train,dead_heart,108986.jpg,datasets/paddy-disease-classification/train_images/dead_heart/108986.jpg
dup_0290,2,False,False,train;val,dead_heart,val,dead_heart,103208.jpg,datasets/paddy-disease-classification/train_images/dead_heart/103208.jpg
dup_0291,2,False,False,train;test,bacterial_panicle_blight,train,bacterial_panicle_blight,102871.jpg,datasets/paddy-disease-classification/train_images/bacterial_panicle_blight/102871.jpg
dup_0291,2,False,False,train;test,bacterial_panicle_blight,test,bacterial_panicle_blight,106834.jpg,datasets/paddy-disease-classification/train_images/bacterial_panicle_blight/106834.jpg
dup_0292,3,False,False,train;test,downy_mildew,train,downy_mildew,106523.jpg,datasets/paddy-disease-classification/train_images/downy_mildew/106523.jpg
dup_0292,3,False,False,train;test,downy_mildew,train,downy_mildew,108724.jpg,datasets/paddy-disease-classification/train_images/downy_mildew/108724.jpg
dup_0292,3,False,False,train;test,downy_mildew,test,downy_mildew,106465.jpg,datasets/paddy-disease-classification/train_images/downy_mildew/106465.jpg
dup_0293,2,False,False,train;test,bacterial_panicle_blight,train,bacterial_panicle_blight,105875.jpg,datasets/paddy-disease-classification/train_images/bacterial_panicle_blight/105875.jpg
dup_0293,2,False,False,train;test,bacterial_panicle_blight,test,bacterial_panicle_blight,109772.jpg,datasets/paddy-disease-classification/train_images/bacterial_panicle_blight/109772.jpg
dup_0294,2,False,False,train;val,dead_heart,train,dead_heart,100221.jpg,datasets/paddy-disease-classification/train_images/dead_heart/100221.jpg
dup_0294,2,False,False,train;val,dead_heart,val,dead_heart,104616.jpg,datasets/paddy-disease-classification/train_images/dead_heart/104616.jpg
dup_0295,6,False,False,train;val;test,hispa,train,hispa,104907.jpg,datasets/paddy-disease-classification/train_images/hispa/104907.jpg
dup_0295,6,False,False,train;val;test,hispa,train,hispa,106896.jpg,datasets/paddy-disease-classification/train_images/hispa/106896.jpg
dup_0295,6,False,False,train;val;test,hispa,train,hispa,102768.jpg,datasets/paddy-disease-classification/train_images/hispa/102768.jpg
dup_0295,6,False,False,train;val;test,hispa,val,hispa,103976.jpg,datasets/paddy-disease-classification/train_images/hispa/103976.jpg
dup_0295,6,False,False,train;val;test,hispa,test,hispa,101140.jpg,datasets/paddy-disease-classification/train_images/hispa/101140.jpg
dup_0295,6,False,False,train;val;test,hispa,test,hispa,106103.jpg,datasets/paddy-disease-classification/train_images/hispa/106103.jpg
dup_0296,2,False,False,train;val,hispa,train,hispa,106428.jpg,datasets/paddy-disease-classification/train_images/hispa/106428.jpg
dup_0296,2,False,False,train;val,hispa,val,hispa,107917.jpg,datasets/paddy-disease-classification/train_images/hispa/107917.jpg
dup_0297,2,False,False,train;test,blast,train,blast,106148.jpg,datasets/paddy-disease-classification/train_images/blast/106148.jpg
dup_0297,2,False,False,train;test,blast,test,blast,110120.jpg,datasets/paddy-disease-classification/train_images/blast/110120.jpg
dup_0298,2,False,False,train;val,hispa,train,hispa,103105.jpg,datasets/paddy-disease-classification/train_images/hispa/103105.jpg
dup_0298,2,False,False,train;val,hispa,val,hispa,107062.jpg,datasets/paddy-disease-classification/train_images/hispa/107062.jpg
dup_0299,2,False,False,train;test,blast,train,blast,101143.jpg,datasets/paddy-disease-classification/train_images/blast/101143.jpg
dup_0299,2,False,False,train;test,blast,test,blast,103604.jpg,datasets/paddy-disease-classification/train_images/blast/103604.jpg
dup_0300,2,True,False,train;val,brown_spot,train,brown_spot,102938.jpg,datasets/paddy-disease-classification/train_images/brown_spot/102938.jpg
dup_0300,2,True,False,train;val,brown_spot,val,brown_spot,104862.jpg,datasets/paddy-disease-classification/train_images/brown_spot/104862.jpg
dup_0301,4,False,False,train;test,brown_spot,train,brown_spot,101583.jpg,datasets/paddy-disease-classification/train_images/brown_spot/101583.jpg
dup_0301,4,False,False,train;test,brown_spot,train,brown_spot,104511.jpg,datasets/paddy-disease-classification/train_images/brown_spot/104511.jpg
dup_0301,4,False,False,train;test,brown_spot,test,brown_spot,108587.jpg,datasets/paddy-disease-classification/train_images/brown_spot/108587.jpg
dup_0301,4,False,False,train;test,brown_spot,test,brown_spot,104750.jpg,datasets/paddy-disease-classification/train_images/brown_spot/104750.jpg
dup_0302,2,False,False,train;val,normal,train,normal,107725.jpg,datasets/paddy-disease-classification/train_images/normal/107725.jpg
dup_0302,2,False,False,train;val,normal,val,normal,106663.jpg,datasets/paddy-disease-classification/train_images/normal/106663.jpg
dup_0303,2,False,False,train;test,downy_mildew,train,downy_mildew,101034.jpg,datasets/paddy-disease-classification/train_images/downy_mildew/101034.jpg
dup_0303,2,False,False,train;test,downy_mildew,test,downy_mildew,101015.jpg,datasets/paddy-disease-classification/train_images/downy_mildew/101015.jpg
dup_0304,2,False,False,train;val,normal,train,normal,100192.jpg,datasets/paddy-disease-classification/train_images/normal/100192.jpg
dup_0304,2,False,False,train;val,normal,val,normal,106735.jpg,datasets/paddy-disease-classification/train_images/normal/106735.jpg
dup_0305,4,False,False,train;val;test,bacterial_leaf_streak,train,bacterial_leaf_streak,106911.jpg,datasets/paddy-disease-classification/train_images/bacterial_leaf_streak/106911.jpg
dup_0305,4,False,False,train;val;test,bacterial_leaf_streak,train,bacterial_leaf_streak,108304.jpg,datasets/paddy-disease-classification/train_images/bacterial_leaf_streak/108304.jpg
dup_0305,4,False,False,train;val;test,bacterial_leaf_streak,val,bacterial_leaf_streak,110217.jpg,datasets/paddy-disease-classification/train_images/bacterial_leaf_streak/110217.jpg
dup_0305,4,False,False,train;val;test,bacterial_leaf_streak,test,bacterial_leaf_streak,106848.jpg,datasets/paddy-disease-classification/train_images/bacterial_leaf_streak/106848.jpg
dup_0306,2,False,False,train;test,bacterial_leaf_blight,train,bacterial_leaf_blight,105239.jpg,datasets/paddy-disease-classification/train_images/bacterial_leaf_blight/105239.jpg
dup_0306,2,False,False,train;test,bacterial_leaf_blight,test,bacterial_leaf_blight,105477.jpg,datasets/paddy-disease-classification/train_images/bacterial_leaf_blight/105477.jpg
dup_0307,2,False,False,train;test,bacterial_panicle_blight,train,bacterial_panicle_blight,107471.jpg,datasets/paddy-disease-classification/train_images/bacterial_panicle_blight/107471.jpg
dup_0307,2,False,False,train;test,bacterial_panicle_blight,test,bacterial_panicle_blight,102215.jpg,datasets/paddy-disease-classification/train_images/bacterial_panicle_blight/102215.jpg
dup_0308,4,False,False,train;val;test,dead_heart,train,dead_heart,105719.jpg,datasets/paddy-disease-classification/train_images/dead_heart/105719.jpg
dup_0308,4,False,False,train;val;test,dead_heart,val,dead_heart,102606.jpg,datasets/paddy-disease-classification/train_images/dead_heart/102606.jpg
dup_0308,4,False,False,train;val;test,dead_heart,test,dead_heart,109748.jpg,datasets/paddy-disease-classification/train_images/dead_heart/109748.jpg
dup_0308,4,False,False,train;val;test,dead_heart,test,dead_heart,100807.jpg,datasets/paddy-disease-classification/train_images/dead_heart/100807.jpg
dup_0309,2,False,False,train;test,dead_heart,train,dead_heart,108720.jpg,datasets/paddy-disease-classification/train_images/dead_heart/108720.jpg
dup_0309,2,False,False,train;test,dead_heart,test,dead_heart,100700.jpg,datasets/paddy-disease-classification/train_images/dead_heart/100700.jpg
dup_0310,2,False,False,train;val,blast,train,blast,103673.jpg,datasets/paddy-disease-classification/train_images/blast/103673.jpg
dup_0310,2,False,False,train;val,blast,val,blast,100767.jpg,datasets/paddy-disease-classification/train_images/blast/100767.jpg
dup_0311,2,False,False,train;test,hispa,train,hispa,102500.jpg,datasets/paddy-disease-classification/train_images/hispa/102500.jpg
dup_0311,2,False,False,train;test,hispa,test,hispa,106229.jpg,datasets/paddy-disease-classification/train_images/hispa/106229.jpg
dup_0312,2,False,False,train;val,tungro,train,tungro,102734.jpg,datasets/paddy-disease-classification/train_images/tungro/102734.jpg
dup_0312,2,False,False,train;val,tungro,val,tungro,109016.jpg,datasets/paddy-disease-classification/train_images/tungro/109016.jpg
dup_0313,3,False,False,train;val;test,brown_spot,train,brown_spot,106259.jpg,datasets/paddy-disease-classification/train_images/brown_spot/106259.jpg
dup_0313,3,False,False,train;val;test,brown_spot,val,brown_spot,102939.jpg,datasets/paddy-disease-classification/train_images/brown_spot/102939.jpg
dup_0313,3,False,False,train;val;test,brown_spot,test,brown_spot,107362.jpg,datasets/paddy-disease-classification/train_images/brown_spot/107362.jpg
dup_0314,2,False,False,train;val,blast,train,blast,108002.jpg,datasets/paddy-disease-classification/train_images/blast/108002.jpg
dup_0314,2,False,False,train;val,blast,val,blast,108531.jpg,datasets/paddy-disease-classification/train_images/blast/108531.jpg
dup_0315,2,False,False,train;test,normal,train,normal,101829.jpg,datasets/paddy-disease-classification/train_images/normal/101829.jpg
dup_0315,2,False,False,train;test,normal,test,normal,108484.jpg,datasets/paddy-disease-classification/train_images/normal/108484.jpg
dup_0316,2,True,False,train;test,normal,train,normal,104634.jpg,datasets/paddy-disease-classification/train_images/normal/104634.jpg
dup_0316,2,True,False,train;test,normal,test,normal,108015.jpg,datasets/paddy-disease-classification/train_images/normal/108015.jpg
dup_0317,2,False,False,train;val,downy_mildew,train,downy_mildew,108472.jpg,datasets/paddy-disease-classification/train_images/downy_mildew/108472.jpg
dup_0317,2,False,False,train;val,downy_mildew,val,downy_mildew,101846.jpg,datasets/paddy-disease-classification/train_images/downy_mildew/101846.jpg
dup_0318,2,False,False,train;test,blast,train,blast,108256.jpg,datasets/paddy-disease-classification/train_images/blast/108256.jpg
dup_0318,2,False,False,train;test,blast,test,blast,107398.jpg,datasets/paddy-disease-classification/train_images/blast/107398.jpg
dup_0319,2,False,False,train;val,bacterial_leaf_streak,train,bacterial_leaf_streak,105386.jpg,datasets/paddy-disease-classification/train_images/bacterial_leaf_streak/105386.jpg
dup_0319,2,False,False,train;val,bacterial_leaf_streak,val,bacterial_leaf_streak,101001.jpg,datasets/paddy-disease-classification/train_images/bacterial_leaf_streak/101001.jpg
dup_0320,2,False,False,train;test,blast,train,blast,100151.jpg,datasets/paddy-disease-classification/train_images/blast/100151.jpg
dup_0320,2,False,False,train;test,blast,test,blast,105653.jpg,datasets/paddy-disease-classification/train_images/blast/105653.jpg
dup_0321,3,False,False,train;val;test,blast,train,blast,104696.jpg,datasets/paddy-disease-classification/train_images/blast/104696.jpg
dup_0321,3,False,False,train;val;test,blast,val,blast,107824.jpg,datasets/paddy-disease-classification/train_images/blast/107824.jpg
dup_0321,3,False,False,train;val;test,blast,test,blast,105257.jpg,datasets/paddy-disease-classification/train_images/blast/105257.jpg
dup_0322,2,False,False,train;test,bacterial_leaf_blight,train,bacterial_leaf_blight,100447.jpg,datasets/paddy-disease-classification/train_images/bacterial_leaf_blight/100447.jpg
dup_0322,2,False,False,train;test,bacterial_leaf_blight,test,bacterial_leaf_blight,102117.jpg,datasets/paddy-disease-classification/train_images/bacterial_leaf_blight/102117.jpg
dup_0323,2,False,False,train;test,normal,train,normal,107418.jpg,datasets/paddy-disease-classification/train_images/normal/107418.jpg
dup_0323,2,False,False,train;test,normal,test,normal,101241.jpg,datasets/paddy-disease-classification/train_images/normal/101241.jpg
dup_0324,2,False,False,train;test,brown_spot,train,brown_spot,106483.jpg,datasets/paddy-disease-classification/train_images/brown_spot/106483.jpg
dup_0324,2,False,False,train;test,brown_spot,test,brown_spot,110094.jpg,datasets/paddy-disease-classification/train_images/brown_spot/110094.jpg
dup_0325,3,False,False,train;test,downy_mildew,train,downy_mildew,106144.jpg,datasets/paddy-disease-classification/train_images/downy_mildew/106144.jpg
dup_0325,3,False,False,train;test,downy_mildew,train,downy_mildew,110148.jpg,datasets/paddy-disease-classification/train_images/downy_mildew/110148.jpg
dup_0325,3,False,False,train;test,downy_mildew,test,downy_mildew,109736.jpg,datasets/paddy-disease-classification/train_images/downy_mildew/109736.jpg
dup_0326,2,False,False,train;test,bacterial_leaf_blight,train,bacterial_leaf_blight,109289.jpg,datasets/paddy-disease-classification/train_images/bacterial_leaf_blight/109289.jpg
dup_0326,2,False,False,train;test,bacterial_leaf_blight,test,bacterial_leaf_blight,106562.jpg,datasets/paddy-disease-classification/train_images/bacterial_leaf_blight/106562.jpg
dup_0327,2,False,False,train;val,hispa,train,hispa,104947.jpg,datasets/paddy-disease-classification/train_images/hispa/104947.jpg
dup_0327,2,False,False,train;val,hispa,val,hispa,100003.jpg,datasets/paddy-disease-classification/train_images/hispa/100003.jpg
dup_0328,2,True,False,train;test,blast,train,blast,102334.jpg,datasets/paddy-disease-classification/train_images/blast/102334.jpg
dup_0328,2,True,False,train;test,blast,test,blast,102705.jpg,datasets/paddy-disease-classification/train_images/blast/102705.jpg
dup_0329,2,False,False,train;test,blast,train,blast,101760.jpg,datasets/paddy-disease-classification/train_images/blast/101760.jpg
dup_0329,2,False,False,train;test,blast,test,blast,109744.jpg,datasets/paddy-disease-classification/train_images/blast/109744.jpg
dup_0330,2,False,False,train;test,blast,train,blast,108179.jpg,datasets/paddy-disease-classification/train_images/blast/108179.jpg
dup_0330,2,False,False,train;test,blast,test,blast,105358.jpg,datasets/paddy-disease-classification/train_images/blast/105358.jpg
dup_0331,2,False,False,train;val,downy_mildew,train,downy_mildew,105860.jpg,datasets/paddy-disease-classification/train_images/downy_mildew/105860.jpg
dup_0331,2,False,False,train;val,downy_mildew,val,downy_mildew,106963.jpg,datasets/paddy-disease-classification/train_images/downy_mildew/106963.jpg
dup_0332,2,True,False,train;test,brown_spot,train,brown_spot,102063.jpg,datasets/paddy-disease-classification/train_images/brown_spot/102063.jpg
dup_0332,2,True,False,train;test,brown_spot,test,brown_spot,104373.jpg,datasets/paddy-disease-classification/train_images/brown_spot/104373.jpg
dup_0333,2,False,False,train;test,tungro,train,tungro,109706.jpg,datasets/paddy-disease-classification/train_images/tungro/109706.jpg
dup_0333,2,False,False,train;test,tungro,test,tungro,101877.jpg,datasets/paddy-disease-classification/train_images/tungro/101877.jpg
dup_0334,2,False,False,train;val,normal,train,normal,108459.jpg,datasets/paddy-disease-classification/train_images/normal/108459.jpg
dup_0334,2,False,False,train;val,normal,val,normal,109915.jpg,datasets/paddy-disease-classification/train_images/normal/109915.jpg
dup_0335,2,False,False,train;val,blast,train,blast,108202.jpg,datasets/paddy-disease-classification/train_images/blast/108202.jpg
dup_0335,2,False,False,train;val,blast,val,blast,103002.jpg,datasets/paddy-disease-classification/train_images/blast/103002.jpg
dup_0336,2,False,False,train;test,dead_heart,train,dead_heart,106623.jpg,datasets/paddy-disease-classification/train_images/dead_heart/106623.jpg
dup_0336,2,False,False,train;test,dead_heart,test,dead_heart,106895.jpg,datasets/paddy-disease-classification/train_images/dead_heart/106895.jpg
dup_0337,2,False,False,train;val,blast,train,blast,104870.jpg,datasets/paddy-disease-classification/train_images/blast/104870.jpg
dup_0337,2,False,False,train;val,blast,val,blast,107988.jpg,datasets/paddy-disease-classification/train_images/blast/107988.jpg
dup_0338,3,False,False,train;val,tungro,train,tungro,100488.jpg,datasets/paddy-disease-classification/train_images/tungro/100488.jpg
dup_0338,3,False,False,train;val,tungro,val,tungro,108734.jpg,datasets/paddy-disease-classification/train_images/tungro/108734.jpg
dup_0338,3,False,False,train;val,tungro,val,tungro,102757.jpg,datasets/paddy-disease-classification/train_images/tungro/102757.jpg
dup_0339,3,False,True,train;test,bacterial_leaf_streak;brown_spot,train,bacterial_leaf_streak,100299.jpg,datasets/paddy-disease-classification/train_images/bacterial_leaf_streak/100299.jpg
dup_0339,3,False,True,train;test,bacterial_leaf_streak;brown_spot,train,brown_spot,105385.jpg,datasets/paddy-disease-classification/train_images/brown_spot/105385.jpg
dup_0339,3,False,True,train;test,bacterial_leaf_streak;brown_spot,test,bacterial_leaf_streak,107549.jpg,datasets/paddy-disease-classification/train_images/bacterial_leaf_streak/107549.jpg
dup_0340,2,False,False,train;val,normal,train,normal,109984.jpg,datasets/paddy-disease-classification/train_images/normal/109984.jpg
dup_0340,2,False,False,train;val,normal,val,normal,101913.jpg,datasets/paddy-disease-classification/train_images/normal/101913.jpg
dup_0341,2,False,False,train;val,dead_heart,train,dead_heart,105128.jpg,datasets/paddy-disease-classification/train_images/dead_heart/105128.jpg
dup_0341,2,False,False,train;val,dead_heart,val,dead_heart,109318.jpg,datasets/paddy-disease-classification/train_images/dead_heart/109318.jpg
dup_0342,2,False,False,train;val,dead_heart,train,dead_heart,106577.jpg,datasets/paddy-disease-classification/train_images/dead_heart/106577.jpg
dup_0342,2,False,False,train;val,dead_heart,val,dead_heart,109146.jpg,datasets/paddy-disease-classification/train_images/dead_heart/109146.jpg
dup_0343,2,False,False,train;test,tungro,train,tungro,109918.jpg,datasets/paddy-disease-classification/train_images/tungro/109918.jpg
dup_0343,2,False,False,train;test,tungro,test,tungro,108776.jpg,datasets/paddy-disease-classification/train_images/tungro/108776.jpg
dup_0344,2,False,False,train;val,dead_heart,train,dead_heart,101065.jpg,datasets/paddy-disease-classification/train_images/dead_heart/101065.jpg
dup_0344,2,False,False,train;val,dead_heart,val,dead_heart,103689.jpg,datasets/paddy-disease-classification/train_images/dead_heart/103689.jpg
dup_0345,2,False,False,train;val,hispa,train,hispa,108589.jpg,datasets/paddy-disease-classification/train_images/hispa/108589.jpg
dup_0345,2,False,False,train;val,hispa,val,hispa,107587.jpg,datasets/paddy-disease-classification/train_images/hispa/107587.jpg
dup_0346,2,True,False,train;val,dead_heart,train,dead_heart,108094.jpg,datasets/paddy-disease-classification/train_images/dead_heart/108094.jpg
dup_0346,2,True,False,train;val,dead_heart,val,dead_heart,107526.jpg,datasets/paddy-disease-classification/train_images/dead_heart/107526.jpg
dup_0347,2,False,False,train;val,normal,train,normal,105167.jpg,datasets/paddy-disease-classification/train_images/normal/105167.jpg
dup_0347,2,False,False,train;val,normal,val,normal,108240.jpg,datasets/paddy-disease-classification/train_images/normal/108240.jpg
dup_0348,2,False,False,train;val,blast,train,blast,107147.jpg,datasets/paddy-disease-classification/train_images/blast/107147.jpg
dup_0348,2,False,False,train;val,blast,val,blast,109347.jpg,datasets/paddy-disease-classification/train_images/blast/109347.jpg
dup_0349,2,False,False,train;val,brown_spot,train,brown_spot,110309.jpg,datasets/paddy-disease-classification/train_images/brown_spot/110309.jpg
dup_0349,2,False,False,train;val,brown_spot,val,brown_spot,106457.jpg,datasets/paddy-disease-classification/train_images/brown_spot/106457.jpg
dup_0350,2,False,False,train;test,blast,train,blast,106223.jpg,datasets/paddy-disease-classification/train_images/blast/106223.jpg
dup_0350,2,False,False,train;test,blast,test,blast,104813.jpg,datasets/paddy-disease-classification/train_images/blast/104813.jpg
dup_0351,2,False,False,train;val,tungro,train,tungro,109447.jpg,datasets/paddy-disease-classification/train_images/tungro/109447.jpg
dup_0351,2,False,False,train;val,tungro,val,tungro,100577.jpg,datasets/paddy-disease-classification/train_images/tungro/100577.jpg
dup_0352,2,False,False,train;val,normal,train,normal,108774.jpg,datasets/paddy-disease-classification/train_images/normal/108774.jpg
dup_0352,2,False,False,train;val,normal,val,normal,106297.jpg,datasets/paddy-disease-classification/train_images/normal/106297.jpg
dup_0353,2,False,False,train;val,hispa,train,hispa,107658.jpg,datasets/paddy-disease-classification/train_images/hispa/107658.jpg
dup_0353,2,False,False,train;val,hispa,val,hispa,105791.jpg,datasets/paddy-disease-classification/train_images/hispa/105791.jpg
dup_0354,3,False,False,train;test,normal,train,normal,109792.jpg,datasets/paddy-disease-classification/train_images/normal/109792.jpg
dup_0354,3,False,False,train;test,normal,train,normal,107273.jpg,datasets/paddy-disease-classification/train_images/normal/107273.jpg
dup_0354,3,False,False,train;test,normal,test,normal,109583.jpg,datasets/paddy-disease-classification/train_images/normal/109583.jpg
dup_0355,2,False,False,train;val,bacterial_leaf_streak,train,bacterial_leaf_streak,106095.jpg,datasets/paddy-disease-classification/train_images/bacterial_leaf_streak/106095.jpg
dup_0355,2,False,False,train;val,bacterial_leaf_streak,val,bacterial_leaf_streak,100550.jpg,datasets/paddy-disease-classification/train_images/bacterial_leaf_streak/100550.jpg
dup_0356,2,False,False,train;test,normal,train,normal,104875.jpg,datasets/paddy-disease-classification/train_images/normal/104875.jpg
dup_0356,2,False,False,train;test,normal,test,normal,105927.jpg,datasets/paddy-disease-classification/train_images/normal/105927.jpg
dup_0357,2,True,False,train;test,tungro,train,tungro,104116.jpg,datasets/paddy-disease-classification/train_images/tungro/104116.jpg
dup_0357,2,True,False,train;test,tungro,test,tungro,106818.jpg,datasets/paddy-disease-classification/train_images/tungro/106818.jpg
dup_0358,3,False,False,train;val;test,blast,train,blast,106921.jpg,datasets/paddy-disease-classification/train_images/blast/106921.jpg
dup_0358,3,False,False,train;val;test,blast,val,blast,103212.jpg,datasets/paddy-disease-classification/train_images/blast/103212.jpg
dup_0358,3,False,False,train;val;test,blast,test,blast,102101.jpg,datasets/paddy-disease-classification/train_images/blast/102101.jpg
dup_0359,2,False,False,train;test,dead_heart,train,dead_heart,107886.jpg,datasets/paddy-disease-classification/train_images/dead_heart/107886.jpg
dup_0359,2,False,False,train;test,dead_heart,test,dead_heart,100822.jpg,datasets/paddy-disease-classification/train_images/dead_heart/100822.jpg
dup_0360,2,False,False,train;test,brown_spot,train,brown_spot,107870.jpg,datasets/paddy-disease-classification/train_images/brown_spot/107870.jpg
dup_0360,2,False,False,train;test,brown_spot,test,brown_spot,100410.jpg,datasets/paddy-disease-classification/train_images/brown_spot/100410.jpg
dup_0361,2,False,False,train;test,downy_mildew,train,downy_mildew,101572.jpg,datasets/paddy-disease-classification/train_images/downy_mildew/101572.jpg
dup_0361,2,False,False,train;test,downy_mildew,test,downy_mildew,106874.jpg,datasets/paddy-disease-classification/train_images/downy_mildew/106874.jpg
dup_0362,4,False,True,train;val;test,brown_spot;downy_mildew,train,brown_spot,106248.jpg,datasets/paddy-disease-classification/train_images/brown_spot/106248.jpg
dup_0362,4,False,True,train;val;test,brown_spot;downy_mildew,train,downy_mildew,104285.jpg,datasets/paddy-disease-classification/train_images/downy_mildew/104285.jpg
dup_0362,4,False,True,train;val;test,brown_spot;downy_mildew,val,downy_mildew,109265.jpg,datasets/paddy-disease-classification/train_images/downy_mildew/109265.jpg
dup_0362,4,False,True,train;val;test,brown_spot;downy_mildew,test,brown_spot,105952.jpg,datasets/paddy-disease-classification/train_images/brown_spot/105952.jpg
dup_0363,2,True,False,train;val,brown_spot,train,brown_spot,100939.jpg,datasets/paddy-disease-classification/train_images/brown_spot/100939.jpg
dup_0363,2,True,False,train;val,brown_spot,val,brown_spot,102827.jpg,datasets/paddy-disease-classification/train_images/brown_spot/102827.jpg
dup_0364,2,False,False,train;test,bacterial_leaf_streak,train,bacterial_leaf_streak,103843.jpg,datasets/paddy-disease-classification/train_images/bacterial_leaf_streak/103843.jpg
dup_0364,2,False,False,train;test,bacterial_leaf_streak,test,bacterial_leaf_streak,107825.jpg,datasets/paddy-disease-classification/train_images/bacterial_leaf_streak/107825.jpg
dup_0365,3,False,False,train;val,brown_spot,train,brown_spot,104560.jpg,datasets/paddy-disease-classification/train_images/brown_spot/104560.jpg
dup_0365,3,False,False,train;val,brown_spot,val,brown_spot,106840.jpg,datasets/paddy-disease-classification/train_images/brown_spot/106840.jpg
dup_0365,3,False,False,train;val,brown_spot,val,brown_spot,104014.jpg,datasets/paddy-disease-classification/train_images/brown_spot/104014.jpg
dup_0366,2,False,False,train;test,hispa,train,hispa,102679.jpg,datasets/paddy-disease-classification/train_images/hispa/102679.jpg
dup_0366,2,False,False,train;test,hispa,test,hispa,103278.jpg,datasets/paddy-disease-classification/train_images/hispa/103278.jpg
dup_0367,2,False,False,train;test,downy_mildew,train,downy_mildew,109873.jpg,datasets/paddy-disease-classification/train_images/downy_mildew/109873.jpg
dup_0367,2,False,False,train;test,downy_mildew,test,downy_mildew,106237.jpg,datasets/paddy-disease-classification/train_images/downy_mildew/106237.jpg
dup_0368,2,False,False,train;val,dead_heart,train,dead_heart,108916.jpg,datasets/paddy-disease-classification/train_images/dead_heart/108916.jpg
dup_0368,2,False,False,train;val,dead_heart,val,dead_heart,101434.jpg,datasets/paddy-disease-classification/train_images/dead_heart/101434.jpg
dup_0369,2,False,False,train;test,downy_mildew,train,downy_mildew,100588.jpg,datasets/paddy-disease-classification/train_images/downy_mildew/100588.jpg
dup_0369,2,False,False,train;test,downy_mildew,test,downy_mildew,107091.jpg,datasets/paddy-disease-classification/train_images/downy_mildew/107091.jpg
dup_0370,2,False,False,train;test,dead_heart,train,dead_heart,103979.jpg,datasets/paddy-disease-classification/train_images/dead_heart/103979.jpg
dup_0370,2,False,False,train;test,dead_heart,test,dead_heart,106994.jpg,datasets/paddy-disease-classification/train_images/dead_heart/106994.jpg
dup_0371,2,False,False,train;val,tungro,train,tungro,108024.jpg,datasets/paddy-disease-classification/train_images/tungro/108024.jpg
dup_0371,2,False,False,train;val,tungro,val,tungro,104498.jpg,datasets/paddy-disease-classification/train_images/tungro/104498.jpg
dup_0372,2,False,False,train;val,blast,train,blast,103745.jpg,datasets/paddy-disease-classification/train_images/blast/103745.jpg
dup_0372,2,False,False,train;val,blast,val,blast,100745.jpg,datasets/paddy-disease-classification/train_images/blast/100745.jpg
dup_0373,2,False,False,train;val,brown_spot,train,brown_spot,100255.jpg,datasets/paddy-disease-classification/train_images/brown_spot/100255.jpg
dup_0373,2,False,False,train;val,brown_spot,val,brown_spot,109734.jpg,datasets/paddy-disease-classification/train_images/brown_spot/109734.jpg
dup_0374,2,False,False,train;test,dead_heart,train,dead_heart,107124.jpg,datasets/paddy-disease-classification/train_images/dead_heart/107124.jpg
dup_0374,2,False,False,train;test,dead_heart,test,dead_heart,108461.jpg,datasets/paddy-disease-classification/train_images/dead_heart/108461.jpg
dup_0375,2,False,False,train;test,brown_spot,train,brown_spot,107893.jpg,datasets/paddy-disease-classification/train_images/brown_spot/107893.jpg
dup_0375,2,False,False,train;test,brown_spot,test,brown_spot,110038.jpg,datasets/paddy-disease-classification/train_images/brown_spot/110038.jpg
dup_0376,2,False,False,train;val,tungro,train,tungro,108495.jpg,datasets/paddy-disease-classification/train_images/tungro/108495.jpg
dup_0376,2,False,False,train;val,tungro,val,tungro,101813.jpg,datasets/paddy-disease-classification/train_images/tungro/101813.jpg
dup_0377,3,False,False,train;val;test,hispa,train,hispa,106440.jpg,datasets/paddy-disease-classification/train_images/hispa/106440.jpg
dup_0377,3,False,False,train;val;test,hispa,val,hispa,105367.jpg,datasets/paddy-disease-classification/train_images/hispa/105367.jpg
dup_0377,3,False,False,train;val;test,hispa,test,hispa,104557.jpg,datasets/paddy-disease-classification/train_images/hispa/104557.jpg
dup_0378,2,False,False,train;test,tungro,train,tungro,105282.jpg,datasets/paddy-disease-classification/train_images/tungro/105282.jpg
dup_0378,2,False,False,train;test,tungro,test,tungro,101230.jpg,datasets/paddy-disease-classification/train_images/tungro/101230.jpg
dup_0379,2,False,False,train;test,dead_heart,train,dead_heart,109764.jpg,datasets/paddy-disease-classification/train_images/dead_heart/109764.jpg
dup_0379,2,False,False,train;test,dead_heart,test,dead_heart,101188.jpg,datasets/paddy-disease-classification/train_images/dead_heart/101188.jpg
dup_0380,2,False,False,train;val,hispa,train,hispa,103496.jpg,datasets/paddy-disease-classification/train_images/hispa/103496.jpg
dup_0380,2,False,False,train;val,hispa,val,hispa,100771.jpg,datasets/paddy-disease-classification/train_images/hispa/100771.jpg
dup_0381,2,False,False,train;test,normal,train,normal,105690.jpg,datasets/paddy-disease-classification/train_images/normal/105690.jpg
dup_0381,2,False,False,train;test,normal,test,normal,103739.jpg,datasets/paddy-disease-classification/train_images/normal/103739.jpg
dup_0382,2,False,False,train;val,tungro,train,tungro,108965.jpg,datasets/paddy-disease-classification/train_images/tungro/108965.jpg
dup_0382,2,False,False,train;val,tungro,val,tungro,108423.jpg,datasets/paddy-disease-classification/train_images/tungro/108423.jpg
dup_0383,2,False,False,train;val,hispa,train,hispa,101808.jpg,datasets/paddy-disease-classification/train_images/hispa/101808.jpg
dup_0383,2,False,False,train;val,hispa,val,hispa,102004.jpg,datasets/paddy-disease-classification/train_images/hispa/102004.jpg
dup_0384,2,False,False,train;test,bacterial_panicle_blight,train,bacterial_panicle_blight,109434.jpg,datasets/paddy-disease-classification/train_images/bacterial_panicle_blight/109434.jpg
dup_0384,2,False,False,train;test,bacterial_panicle_blight,test,bacterial_panicle_blight,106578.jpg,datasets/paddy-disease-classification/train_images/bacterial_panicle_blight/106578.jpg
dup_0385,2,False,False,train;val,bacterial_panicle_blight,train,bacterial_panicle_blight,102472.jpg,datasets/paddy-disease-classification/train_images/bacterial_panicle_blight/102472.jpg
dup_0385,2,False,False,train;val,bacterial_panicle_blight,val,bacterial_panicle_blight,102485.jpg,datasets/paddy-disease-classification/train_images/bacterial_panicle_blight/102485.jpg
dup_0386,2,False,False,train;val,downy_mildew,train,downy_mildew,100479.jpg,datasets/paddy-disease-classification/train_images/downy_mildew/100479.jpg
dup_0386,2,False,False,train;val,downy_mildew,val,downy_mildew,102867.jpg,datasets/paddy-disease-classification/train_images/downy_mildew/102867.jpg
dup_0387,2,True,False,train;test,normal,train,normal,109805.jpg,datasets/paddy-disease-classification/train_images/normal/109805.jpg
dup_0387,2,True,False,train;test,normal,test,normal,106366.jpg,datasets/paddy-disease-classification/train_images/normal/106366.jpg
dup_0388,2,False,False,train;val,dead_heart,train,dead_heart,107635.jpg,datasets/paddy-disease-classification/train_images/dead_heart/107635.jpg
dup_0388,2,False,False,train;val,dead_heart,val,dead_heart,101618.jpg,datasets/paddy-disease-classification/train_images/dead_heart/101618.jpg
dup_0389,4,False,False,train;val;test,hispa,train,hispa,105607.jpg,datasets/paddy-disease-classification/train_images/hispa/105607.jpg
dup_0389,4,False,False,train;val;test,hispa,val,hispa,107757.jpg,datasets/paddy-disease-classification/train_images/hispa/107757.jpg
dup_0389,4,False,False,train;val;test,hispa,val,hispa,107470.jpg,datasets/paddy-disease-classification/train_images/hispa/107470.jpg
dup_0389,4,False,False,train;val;test,hispa,test,hispa,105043.jpg,datasets/paddy-disease-classification/train_images/hispa/105043.jpg
dup_0390,2,True,False,train;test,dead_heart,train,dead_heart,101578.jpg,datasets/paddy-disease-classification/train_images/dead_heart/101578.jpg
dup_0390,2,True,False,train;test,dead_heart,test,dead_heart,106209.jpg,datasets/paddy-disease-classification/train_images/dead_heart/106209.jpg
dup_0391,2,False,True,train;val,blast;downy_mildew,train,blast,101791.jpg,datasets/paddy-disease-classification/train_images/blast/101791.jpg
dup_0391,2,False,True,train;val,blast;downy_mildew,val,downy_mildew,106776.jpg,datasets/paddy-disease-classification/train_images/downy_mildew/106776.jpg
dup_0392,2,False,False,train;val,bacterial_panicle_blight,train,bacterial_panicle_blight,109080.jpg,datasets/paddy-disease-classification/train_images/bacterial_panicle_blight/109080.jpg
dup_0392,2,False,False,train;val,bacterial_panicle_blight,val,bacterial_panicle_blight,101965.jpg,datasets/paddy-disease-classification/train_images/bacterial_panicle_blight/101965.jpg
dup_0393,2,False,False,train;test,brown_spot,train,brown_spot,101338.jpg,datasets/paddy-disease-classification/train_images/brown_spot/101338.jpg
dup_0393,2,False,False,train;test,brown_spot,test,brown_spot,102212.jpg,datasets/paddy-disease-classification/train_images/brown_spot/102212.jpg
dup_0394,2,False,False,train;test,blast,train,blast,103632.jpg,datasets/paddy-disease-classification/train_images/blast/103632.jpg
dup_0394,2,False,False,train;test,blast,test,blast,103828.jpg,datasets/paddy-disease-classification/train_images/blast/103828.jpg
dup_0395,2,False,False,train;test,tungro,train,tungro,106879.jpg,datasets/paddy-disease-classification/train_images/tungro/106879.jpg
dup_0395,2,False,False,train;test,tungro,test,tungro,110328.jpg,datasets/paddy-disease-classification/train_images/tungro/110328.jpg
dup_0396,2,False,False,train;test,brown_spot,train,brown_spot,105969.jpg,datasets/paddy-disease-classification/train_images/brown_spot/105969.jpg
dup_0396,2,False,False,train;test,brown_spot,test,brown_spot,105090.jpg,datasets/paddy-disease-classification/train_images/brown_spot/105090.jpg
dup_0397,2,False,False,train;test,hispa,train,hispa,100304.jpg,datasets/paddy-disease-classification/train_images/hispa/100304.jpg
dup_0397,2,False,False,train;test,hispa,test,hispa,108951.jpg,datasets/paddy-disease-classification/train_images/hispa/108951.jpg
dup_0398,2,False,False,train;test,hispa,train,hispa,108992.jpg,datasets/paddy-disease-classification/train_images/hispa/108992.jpg
dup_0398,2,False,False,train;test,hispa,test,hispa,100399.jpg,datasets/paddy-disease-classification/train_images/hispa/100399.jpg
dup_0399,2,False,False,train;test,downy_mildew,train,downy_mildew,106146.jpg,datasets/paddy-disease-classification/train_images/downy_mildew/106146.jpg
dup_0399,2,False,False,train;test,downy_mildew,test,downy_mildew,100143.jpg,datasets/paddy-disease-classification/train_images/downy_mildew/100143.jpg
dup_0400,3,False,False,train;val,downy_mildew,train,downy_mildew,109253.jpg,datasets/paddy-disease-classification/train_images/downy_mildew/109253.jpg
dup_0400,3,False,False,train;val,downy_mildew,train,downy_mildew,104370.jpg,datasets/paddy-disease-classification/train_images/downy_mildew/104370.jpg
dup_0400,3,False,False,train;val,downy_mildew,val,downy_mildew,100944.jpg,datasets/paddy-disease-classification/train_images/downy_mildew/100944.jpg
dup_0401,2,False,False,train;val,tungro,train,tungro,100853.jpg,datasets/paddy-disease-classification/train_images/tungro/100853.jpg
dup_0401,2,False,False,train;val,tungro,val,tungro,101321.jpg,datasets/paddy-disease-classification/train_images/tungro/101321.jpg
dup_0402,2,False,False,train;test,hispa,train,hispa,103274.jpg,datasets/paddy-disease-classification/train_images/hispa/103274.jpg
dup_0402,2,False,False,train;test,hispa,test,hispa,101828.jpg,datasets/paddy-disease-classification/train_images/hispa/101828.jpg
dup_0403,2,False,False,train;val,tungro,train,tungro,104287.jpg,datasets/paddy-disease-classification/train_images/tungro/104287.jpg
dup_0403,2,False,False,train;val,tungro,val,tungro,109872.jpg,datasets/paddy-disease-classification/train_images/tungro/109872.jpg
dup_0404,2,False,True,train;test,blast;hispa,train,blast,103586.jpg,datasets/paddy-disease-classification/train_images/blast/103586.jpg
dup_0404,2,False,True,train;test,blast;hispa,test,hispa,104795.jpg,datasets/paddy-disease-classification/train_images/hispa/104795.jpg
dup_0405,2,False,False,train;test,hispa,train,hispa,102017.jpg,datasets/paddy-disease-classification/train_images/hispa/102017.jpg
dup_0405,2,False,False,train;test,hispa,test,hispa,106317.jpg,datasets/paddy-disease-classification/train_images/hispa/106317.jpg
dup_0406,3,False,False,train;val;test,blast,train,blast,108049.jpg,datasets/paddy-disease-classification/train_images/blast/108049.jpg
dup_0406,3,False,False,train;val;test,blast,val,blast,104077.jpg,datasets/paddy-disease-classification/train_images/blast/104077.jpg
dup_0406,3,False,False,train;val;test,blast,test,blast,107627.jpg,datasets/paddy-disease-classification/train_images/blast/107627.jpg
dup_0407,2,False,False,train;test,blast,train,blast,106134.jpg,datasets/paddy-disease-classification/train_images/blast/106134.jpg
dup_0407,2,False,False,train;test,blast,test,blast,106493.jpg,datasets/paddy-disease-classification/train_images/blast/106493.jpg
dup_0408,2,False,False,train;test,tungro,train,tungro,108659.jpg,datasets/paddy-disease-classification/train_images/tungro/108659.jpg
dup_0408,2,False,False,train;test,tungro,test,tungro,106359.jpg,datasets/paddy-disease-classification/train_images/tungro/106359.jpg
dup_0409,3,False,False,train;val;test,blast,train,blast,109937.jpg,datasets/paddy-disease-classification/train_images/blast/109937.jpg
dup_0409,3,False,False,train;val;test,blast,val,blast,107490.jpg,datasets/paddy-disease-classification/train_images/blast/107490.jpg
dup_0409,3,False,False,train;val;test,blast,test,blast,103354.jpg,datasets/paddy-disease-classification/train_images/blast/103354.jpg
dup_0410,2,False,False,train;test,bacterial_leaf_blight,train,bacterial_leaf_blight,101593.jpg,datasets/paddy-disease-classification/train_images/bacterial_leaf_blight/101593.jpg
dup_0410,2,False,False,train;test,bacterial_leaf_blight,test,bacterial_leaf_blight,107104.jpg,datasets/paddy-disease-classification/train_images/bacterial_leaf_blight/107104.jpg
dup_0411,2,False,False,train;test,hispa,train,hispa,107513.jpg,datasets/paddy-disease-classification/train_images/hispa/107513.jpg
dup_0411,2,False,False,train;test,hispa,test,hispa,104538.jpg,datasets/paddy-disease-classification/train_images/hispa/104538.jpg
dup_0412,2,False,False,train;val,hispa,train,hispa,110133.jpg,datasets/paddy-disease-classification/train_images/hispa/110133.jpg
dup_0412,2,False,False,train;val,hispa,val,hispa,105922.jpg,datasets/paddy-disease-classification/train_images/hispa/105922.jpg
dup_0413,2,False,False,train;val,downy_mildew,train,downy_mildew,104190.jpg,datasets/paddy-disease-classification/train_images/downy_mildew/104190.jpg
dup_0413,2,False,False,train;val,downy_mildew,val,downy_mildew,100977.jpg,datasets/paddy-disease-classification/train_images/downy_mildew/100977.jpg
dup_0414,2,False,False,train;val,brown_spot,train,brown_spot,110388.jpg,datasets/paddy-disease-classification/train_images/brown_spot/110388.jpg
dup_0414,2,False,False,train;val,brown_spot,val,brown_spot,104398.jpg,datasets/paddy-disease-classification/train_images/brown_spot/104398.jpg
dup_0415,2,False,False,train;test,blast,train,blast,102853.jpg,datasets/paddy-disease-classification/train_images/blast/102853.jpg
dup_0415,2,False,False,train;test,blast,test,blast,107858.jpg,datasets/paddy-disease-classification/train_images/blast/107858.jpg
dup_0416,2,False,False,train;test,normal,train,normal,109037.jpg,datasets/paddy-disease-classification/train_images/normal/109037.jpg
dup_0416,2,False,False,train;test,normal,test,normal,106001.jpg,datasets/paddy-disease-classification/train_images/normal/106001.jpg
dup_0417,2,False,False,train;test,tungro,train,tungro,105110.jpg,datasets/paddy-disease-classification/train_images/tungro/105110.jpg
dup_0417,2,False,False,train;test,tungro,test,tungro,101330.jpg,datasets/paddy-disease-classification/train_images/tungro/101330.jpg
dup_0418,2,False,False,train;val,hispa,train,hispa,102366.jpg,datasets/paddy-disease-classification/train_images/hispa/102366.jpg
dup_0418,2,False,False,train;val,hispa,val,hispa,101723.jpg,datasets/paddy-disease-classification/train_images/hispa/101723.jpg
dup_0419,2,False,False,train;val,tungro,train,tungro,107642.jpg,datasets/paddy-disease-classification/train_images/tungro/107642.jpg
dup_0419,2,False,False,train;val,tungro,val,tungro,105670.jpg,datasets/paddy-disease-classification/train_images/tungro/105670.jpg
dup_0420,2,False,False,train;test,brown_spot,train,brown_spot,101985.jpg,datasets/paddy-disease-classification/train_images/brown_spot/101985.jpg
dup_0420,2,False,False,train;test,brown_spot,test,brown_spot,103915.jpg,datasets/paddy-disease-classification/train_images/brown_spot/103915.jpg
dup_0421,2,False,False,train;test,blast,train,blast,100818.jpg,datasets/paddy-disease-classification/train_images/blast/100818.jpg
dup_0421,2,False,False,train;test,blast,test,blast,107715.jpg,datasets/paddy-disease-classification/train_images/blast/107715.jpg
dup_0422,2,False,False,train;test,bacterial_leaf_streak,train,bacterial_leaf_streak,104405.jpg,datasets/paddy-disease-classification/train_images/bacterial_leaf_streak/104405.jpg
dup_0422,2,False,False,train;test,bacterial_leaf_streak,test,bacterial_leaf_streak,104622.jpg,datasets/paddy-disease-classification/train_images/bacterial_leaf_streak/104622.jpg
dup_0423,3,False,False,train;val;test,normal,train,normal,105866.jpg,datasets/paddy-disease-classification/train_images/normal/105866.jpg
dup_0423,3,False,False,train;val;test,normal,val,normal,108313.jpg,datasets/paddy-disease-classification/train_images/normal/108313.jpg
dup_0423,3,False,False,train;val;test,normal,test,normal,107551.jpg,datasets/paddy-disease-classification/train_images/normal/107551.jpg
dup_0424,2,False,False,train;test,brown_spot,train,brown_spot,102313.jpg,datasets/paddy-disease-classification/train_images/brown_spot/102313.jpg
dup_0424,2,False,False,train;test,brown_spot,test,brown_spot,102264.jpg,datasets/paddy-disease-classification/train_images/brown_spot/102264.jpg
dup_0425,2,False,False,train;test,dead_heart,train,dead_heart,104399.jpg,datasets/paddy-disease-classification/train_images/dead_heart/104399.jpg
dup_0425,2,False,False,train;test,dead_heart,test,dead_heart,107061.jpg,datasets/paddy-disease-classification/train_images/dead_heart/107061.jpg
dup_0426,2,False,False,train;val,tungro,train,tungro,104208.jpg,datasets/paddy-disease-classification/train_images/tungro/104208.jpg
dup_0426,2,False,False,train;val,tungro,val,tungro,103872.jpg,datasets/paddy-disease-classification/train_images/tungro/103872.jpg
dup_0427,3,False,False,train;val;test,blast,train,blast,107604.jpg,datasets/paddy-disease-classification/train_images/blast/107604.jpg
dup_0427,3,False,False,train;val;test,blast,val,blast,103990.jpg,datasets/paddy-disease-classification/train_images/blast/103990.jpg
dup_0427,3,False,False,train;val;test,blast,test,blast,103289.jpg,datasets/paddy-disease-classification/train_images/blast/103289.jpg
dup_0428,4,True,False,train;val;test,brown_spot,train,brown_spot,107616.jpg,datasets/paddy-disease-classification/train_images/brown_spot/107616.jpg
dup_0428,4,True,False,train;val;test,brown_spot,train,brown_spot,103415.jpg,datasets/paddy-disease-classification/train_images/brown_spot/103415.jpg
dup_0428,4,True,False,train;val;test,brown_spot,val,brown_spot,108604.jpg,datasets/paddy-disease-classification/train_images/brown_spot/108604.jpg
dup_0428,4,True,False,train;val;test,brown_spot,test,brown_spot,106320.jpg,datasets/paddy-disease-classification/train_images/brown_spot/106320.jpg
dup_0429,2,False,False,train;test,bacterial_leaf_streak,train,bacterial_leaf_streak,104312.jpg,datasets/paddy-disease-classification/train_images/bacterial_leaf_streak/104312.jpg
dup_0429,2,False,False,train;test,bacterial_leaf_streak,test,bacterial_leaf_streak,108944.jpg,datasets/paddy-disease-classification/train_images/bacterial_leaf_streak/108944.jpg
dup_0430,2,False,False,train;val,blast,train,blast,102962.jpg,datasets/paddy-disease-classification/train_images/blast/102962.jpg
dup_0430,2,False,False,train;val,blast,val,blast,100345.jpg,datasets/paddy-disease-classification/train_images/blast/100345.jpg
dup_0431,2,False,False,train;test,hispa,train,hispa,107582.jpg,datasets/paddy-disease-classification/train_images/hispa/107582.jpg
dup_0431,2,False,False,train;test,hispa,test,hispa,106941.jpg,datasets/paddy-disease-classification/train_images/hispa/106941.jpg
dup_0432,3,False,False,train;val,bacterial_leaf_streak,train,bacterial_leaf_streak,104479.jpg,datasets/paddy-disease-classification/train_images/bacterial_leaf_streak/104479.jpg
dup_0432,3,False,False,train;val,bacterial_leaf_streak,val,bacterial_leaf_streak,100284.jpg,datasets/paddy-disease-classification/train_images/bacterial_leaf_streak/100284.jpg
dup_0432,3,False,False,train;val,bacterial_leaf_streak,val,bacterial_leaf_streak,108249.jpg,datasets/paddy-disease-classification/train_images/bacterial_leaf_streak/108249.jpg
dup_0433,2,False,False,train;test,hispa,train,hispa,108568.jpg,datasets/paddy-disease-classification/train_images/hispa/108568.jpg
dup_0433,2,False,False,train;test,hispa,test,hispa,105722.jpg,datasets/paddy-disease-classification/train_images/hispa/105722.jpg
dup_0434,2,False,False,train;test,hispa,train,hispa,104343.jpg,datasets/paddy-disease-classification/train_images/hispa/104343.jpg
dup_0434,2,False,False,train;test,hispa,test,hispa,104593.jpg,datasets/paddy-disease-classification/train_images/hispa/104593.jpg
dup_0435,2,False,False,train;test,tungro,train,tungro,103654.jpg,datasets/paddy-disease-classification/train_images/tungro/103654.jpg
dup_0435,2,False,False,train;test,tungro,test,tungro,101046.jpg,datasets/paddy-disease-classification/train_images/tungro/101046.jpg
dup_0436,2,False,False,train;test,downy_mildew,train,downy_mildew,100611.jpg,datasets/paddy-disease-classification/train_images/downy_mildew/100611.jpg
dup_0436,2,False,False,train;test,downy_mildew,test,downy_mildew,106300.jpg,datasets/paddy-disease-classification/train_images/downy_mildew/106300.jpg
dup_0437,2,False,False,val;test,blast,val,blast,106943.jpg,datasets/paddy-disease-classification/train_images/blast/106943.jpg
dup_0437,2,False,False,val;test,blast,test,blast,106552.jpg,datasets/paddy-disease-classification/train_images/blast/106552.jpg
dup_0438,2,False,False,val;test,bacterial_panicle_blight,val,bacterial_panicle_blight,106344.jpg,datasets/paddy-disease-classification/train_images/bacterial_panicle_blight/106344.jpg
dup_0438,2,False,False,val;test,bacterial_panicle_blight,test,bacterial_panicle_blight,100397.jpg,datasets/paddy-disease-classification/train_images/bacterial_panicle_blight/100397.jpg
dup_0439,2,False,False,val;test,bacterial_leaf_blight,val,bacterial_leaf_blight,108668.jpg,datasets/paddy-disease-classification/train_images/bacterial_leaf_blight/108668.jpg
dup_0439,2,False,False,val;test,bacterial_leaf_blight,test,bacterial_leaf_blight,103500.jpg,datasets/paddy-disease-classification/train_images/bacterial_leaf_blight/103500.jpg
dup_0440,2,False,False,val;test,bacterial_leaf_streak,val,bacterial_leaf_streak,109191.jpg,datasets/paddy-disease-classification/train_images/bacterial_leaf_streak/109191.jpg
dup_0440,2,False,False,val;test,bacterial_leaf_streak,test,bacterial_leaf_streak,109858.jpg,datasets/paddy-disease-classification/train_images/bacterial_leaf_streak/109858.jpg
dup_0441,2,False,False,val;test,hispa,val,hispa,101708.jpg,datasets/paddy-disease-classification/train_images/hispa/101708.jpg
dup_0441,2,False,False,val;test,hispa,test,hispa,107632.jpg,datasets/paddy-disease-classification/train_images/hispa/107632.jpg
dup_0442,2,True,False,val;test,normal,val,normal,107675.jpg,datasets/paddy-disease-classification/train_images/normal/107675.jpg
dup_0442,2,True,False,val;test,normal,test,normal,105315.jpg,datasets/paddy-disease-classification/train_images/normal/105315.jpg
dup_0443,2,False,False,val;test,normal,val,normal,103244.jpg,datasets/paddy-disease-classification/train_images/normal/103244.jpg
dup_0443,2,False,False,val;test,normal,test,normal,104680.jpg,datasets/paddy-disease-classification/train_images/normal/104680.jpg
dup_0444,2,False,False,val;test,hispa,val,hispa,107260.jpg,datasets/paddy-disease-classification/train_images/hispa/107260.jpg
dup_0444,2,False,False,val;test,hispa,test,hispa,105184.jpg,datasets/paddy-disease-classification/train_images/hispa/105184.jpg
dup_0445,2,False,False,val;test,blast,val,blast,109038.jpg,datasets/paddy-disease-classification/train_images/blast/109038.jpg
dup_0445,2,False,False,val;test,blast,test,blast,109603.jpg,datasets/paddy-disease-classification/train_images/blast/109603.jpg
dup_0446,2,False,False,val;test,brown_spot,val,brown_spot,104772.jpg,datasets/paddy-disease-classification/train_images/brown_spot/104772.jpg
dup_0446,2,False,False,val;test,brown_spot,test,brown_spot,105422.jpg,datasets/paddy-disease-classification/train_images/brown_spot/105422.jpg
dup_0447,3,False,False,val;test,blast,val,blast,100879.jpg,datasets/paddy-disease-classification/train_images/blast/100879.jpg
dup_0447,3,False,False,val;test,blast,test,blast,106709.jpg,datasets/paddy-disease-classification/train_images/blast/106709.jpg
dup_0447,3,False,False,val;test,blast,test,blast,107522.jpg,datasets/paddy-disease-classification/train_images/blast/107522.jpg
dup_0448,2,False,False,val;test,normal,val,normal,103567.jpg,datasets/paddy-disease-classification/train_images/normal/103567.jpg
dup_0448,2,False,False,val;test,normal,test,normal,100962.jpg,datasets/paddy-disease-classification/train_images/normal/100962.jpg
dup_0449,2,True,False,val;test,hispa,val,hispa,108832.jpg,datasets/paddy-disease-classification/train_images/hispa/108832.jpg
dup_0449,2,True,False,val;test,hispa,test,hispa,101788.jpg,datasets/paddy-disease-classification/train_images/hispa/101788.jpg
dup_0450,5,False,False,val;test,brown_spot,val,brown_spot,100574.jpg,datasets/paddy-disease-classification/train_images/brown_spot/100574.jpg
dup_0450,5,False,False,val;test,brown_spot,val,brown_spot,103041.jpg,datasets/paddy-disease-classification/train_images/brown_spot/103041.jpg
dup_0450,5,False,False,val;test,brown_spot,val,brown_spot,109845.jpg,datasets/paddy-disease-classification/train_images/brown_spot/109845.jpg
dup_0450,5,False,False,val;test,brown_spot,test,brown_spot,107142.jpg,datasets/paddy-disease-classification/train_images/brown_spot/107142.jpg
dup_0450,5,False,False,val;test,brown_spot,test,brown_spot,107591.jpg,datasets/paddy-disease-classification/train_images/brown_spot/107591.jpg
dup_0451,2,True,False,val;test,normal,val,normal,109634.jpg,datasets/paddy-disease-classification/train_images/normal/109634.jpg
dup_0451,2,True,False,val;test,normal,test,normal,102843.jpg,datasets/paddy-disease-classification/train_images/normal/102843.jpg
dup_0452,2,False,False,val;test,normal,val,normal,100544.jpg,datasets/paddy-disease-classification/train_images/normal/100544.jpg
dup_0452,2,False,False,val;test,normal,test,normal,103303.jpg,datasets/paddy-disease-classification/train_images/normal/103303.jpg
dup_0453,2,True,False,val;test,blast,val,blast,108455.jpg,datasets/paddy-disease-classification/train_images/blast/108455.jpg
dup_0453,2,True,False,val;test,blast,test,blast,108403.jpg,datasets/paddy-disease-classification/train_images/blast/108403.jpg
dup_0454,2,False,False,val;test,tungro,val,tungro,109895.jpg,datasets/paddy-disease-classification/train_images/tungro/109895.jpg
dup_0454,2,False,False,val;test,tungro,test,tungro,101036.jpg,datasets/paddy-disease-classification/train_images/tungro/101036.jpg
dup_0455,2,False,False,val;test,hispa,val,hispa,100211.jpg,datasets/paddy-disease-classification/train_images/hispa/100211.jpg
dup_0455,2,False,False,val;test,hispa,test,hispa,105601.jpg,datasets/paddy-disease-classification/train_images/hispa/105601.jpg
dup_0456,2,False,False,val;test,blast,val,blast,108339.jpg,datasets/paddy-disease-classification/train_images/blast/108339.jpg
dup_0456,2,False,False,val;test,blast,test,blast,100127.jpg,datasets/paddy-disease-classification/train_images/blast/100127.jpg
dup_0457,2,False,False,val;test,hispa,val,hispa,110124.jpg,datasets/paddy-disease-classification/train_images/hispa/110124.jpg
dup_0457,2,False,False,val;test,hispa,test,hispa,108955.jpg,datasets/paddy-disease-classification/train_images/hispa/108955.jpg
dup_0458,2,False,False,val;test,tungro,val,tungro,106773.jpg,datasets/paddy-disease-classification/train_images/tungro/106773.jpg
dup_0458,2,False,False,val;test,tungro,test,tungro,108971.jpg,datasets/paddy-disease-classification/train_images/tungro/108971.jpg
dup_0459,2,False,False,val;test,dead_heart,val,dead_heart,104325.jpg,datasets/paddy-disease-classification/train_images/dead_heart/104325.jpg
dup_0459,2,False,False,val;test,dead_heart,test,dead_heart,100882.jpg,datasets/paddy-disease-classification/train_images/dead_heart/100882.jpg
dup_0460,2,False,False,val;test,dead_heart,val,dead_heart,101650.jpg,datasets/paddy-disease-classification/train_images/dead_heart/101650.jpg
dup_0460,2,False,False,val;test,dead_heart,test,dead_heart,101053.jpg,datasets/paddy-disease-classification/train_images/dead_heart/101053.jpg
dup_0461,2,False,False,val;test,tungro,val,tungro,101301.jpg,datasets/paddy-disease-classification/train_images/tungro/101301.jpg
dup_0461,2,False,False,val;test,tungro,test,tungro,104951.jpg,datasets/paddy-disease-classification/train_images/tungro/104951.jpg
